Workbook

Sheet LIVE Real Time Control
D2: ATEQ Output Addresses | I2: PLC INPUT from ATEQ | J2: ENTER PLC Starting Address in GREEN AREA Below | O2: ENTER Binary Value ONLY in GREEN AREAS | P2: ENTER HEX Value ONLY in GREEN AREAS | Z2: ATEQ Input Address | AE2: PLC OUTPUT to ATEQ | AF2: ENTER PLC Starting Address in GREEN AREA Below | AK2: HEX / Binary | AL2: ENTER HEX Value ONLY in GREEN AREAS | AM2: HEX CMD Word | AN2: HEX CMD Word Swap | AO2: DEC CMD Word | AP2: DEC CMD Word Swap | AQ2: Actual Data Dec | AR2: Actual Data Swap Dec | AS2: Binary | AT2: Cycle Step
D3: Word | F3: Byte | J3: PLC Word INT | L3: BYTE | Q3: Word HEX | R3: HEX Swap | S3: DEC | T3: Swap DEC | U3: Actual Data | V3: Actual Data Swap | Z3: Word | AB3: Byte | AF3: PLC Word INT
D4: Hex | E4: Dec | F4: Hex | G4: Dec | H4: Bits | I4: Description | J4: Hex | K4: Dec | L4: DEC | M4: HEX | N4: Bits | Z4: Hex | AA4: Dec | AB4: Hex | AC4: Dec | AD4: Bits | AE4: ATEQ Commands | AF4: Hex | AG4: Dec | AJ4: Bits | AU4: Chapter 21 page 217/286 in NetworksO manual
B5: Echo Signals | C5: Echo Signals | F5: 00 | G5: =HEX2DEC(F5) -> 0 | H5: 0 | I5: Echo reset | J5: =DEC2HEX(K5,4) -> 03EE | K5: 1006 | L5: =K5 -> 1006 | M5: =DEC2HEX(L5,4) -> 03EE | N5: 0 | O5: 0 | P5: =BIN2HEX(CONCATENATE(O12,O11,O10,O9,O8,O7,O6,O5)) -> 0 | Q5: =CONCATENATE(P5,P13) -> 080 | R5: =CONCATENATE(P13,P5) -> 800 | S5: =MOD(HEX2DEC(Q5)+2^15,2^16)-2^15 -> 128 | T5: =MOD(HEX2DEC(R5)+2^15,2^16)-2^15 -> 2048 | X5: Commands | Y5: =+X5 -> Commands | AB5: =DEC2HEX(AC5) -> 0 | AC5: 0 | AD5: 0 | AE5: Reset (stop the current cycle) | AF5: =DEC2HEX(AG5,4) -> 0858 | AG5: 2136 | AH5: =AG5 -> 2136 | AI5: =DEC2HEX(AH5,4) -> 0858 | AJ5: 0 | AK5: 0 | AL5: =BIN2HEX(CONCATENATE(AK12,AK11,AK10,AK9,AK8,AK7,AK6,AK5)) -> 0 | AM5: =CONCATENATE(AL5,AL13) -> 00 | AN5: =CONCATENATE(AL13,AL5) -> 00 | AO5: =MOD(HEX2DEC(AM5)+2^15,2^16)-2^15 -> 0 | AP5: =MOD(HEX2DEC(AN5)+2^15,2^16)-2^15 -> 0 | AS5: 1 | AT5: 2 | AU5: 2.1.4 PDF Page 223/286 | AV5: Rising edge clears Alarms & Pass/Fail Bits or stops the current cycle
H6: 1 | I6: Echo start | N6: 1 | O6: 0 | AD6: 1 | AE6: Start (Test or Special cycle) | AJ6: 1 | AK6: 0 | AS6: =AS5*10 -> 10 | AT6: 4 | AU6: 2.1.3 PDF Page 222/286 | AV6: Load Program or Special cycle first then set to 1 rising edge to start
H7: 2 | I7: Echo special cycle | N7: 2 | O7: 0 | AD7: 2 | AE7: Load Special Cycle code selected at address 8 & 9 | AJ7: 2 | AK7: 0 | AS7: =AS6*10 -> 100 | AU7: 2.1.5 PDF Page 224/286 | AV7: Set Special Cycle code # at 08-09h first then set byte0-Bit2 =1 to load. See chart 1.2 in manual for special cycle options of the unit type used
H8: 3 | I8: Echo program selection | N8: 3 | O8: 0 | AD8: 3 | AE8: Load Program # selection from 06-07h | AJ8: 3 | AK8: 0 | AS8: =AS7*10 -> 1000 | AT8: 1 | AU8: 2.1.2 PDF Page 221/286 | AV8: Set Program # at 06-07h first then set Byte0-Bit3 =1 to load program # (ATEQ screen is +1, e.g. 06h = 01h (01 = program #2 on ATEQ screen)
H9: 4 | I9: Echo reading of the results FIFO | N9: 4 | O9: 0 | AD9: 4 | AE9: Read the FIFO cycles results | AJ9: 4 | AK9: 0 | AS9: =AS8*10 -> 10000
H10: 5 | I10: Echo reading of the parameters | N10: 5 | O10: 0 | AD10: 5 | AE10: Read of the parameters | AJ10: 5 | AK10: 0 | AS10: =AS9*10 -> 100000 | AT10: 6 | AU10: 2.2 PDF Page 226/286 | AV10: Moves the test parameters in the exchange zone at address 20h see "Read Parameters" Excel tab
H11: 6 | I11: Echo writing of the parameters | N11: 6 | O11: 0 | AD11: 6 | AE11: Write of the parameters | AJ11: 6 | AK11: 0 | AS11: =AS10*10 -> 1000000
H12: 7 | I12: Echo reset of the results FIFO | N12: 7 | O12: 0 | AD12: 7 | AE12: Reset of the results in FIFO | AJ12: 7 | AK12: 0 | AS12: =AS11*10 -> 10000000 | AT12: 3 | AU12: 2.5 PDF Page 229/286 | AV12: Clears FIFO to ensure the data moved into the last results is from the last cycle
C13: Echo Signals | F13: 01 | G13: =HEX2DEC(F13) -> 1 | H13: 0 | I13: Echo reading of the instrument configuration | L13: =L5+1 -> 1007 | M13: =DEC2HEX(L13,4) -> 03EF | N13: 8 | O13: 0 | P13: =BIN2HEX(CONCATENATE(O20,O19,O18,O17,O16,O15,O14,O13)) -> 80 | Y13: =+X5 -> Commands | AB13: =DEC2HEX(AC13) -> 1 | AC13: =AC5+1 -> 1 | AD13: 0 | AE13: Read of the instrument configuration | AH13: =AH5+1 -> 2137 | AI13: =DEC2HEX(AH13,4) -> 0859 | AJ13: 8 | AK13: 0 | AL13: =BIN2HEX(CONCATENATE(AK20,AK19,AK18,AK17,AK16,AK15,AK14,AK13)) -> 0 | AS13: 1
H14: 1 | I14: Echo reading of the general bits | N14: 9 | O14: 0 | AD14: 1 | AE14: Read of the general bits. | AJ14: 9 | AK14: 0 | AS14: =AS13*10 -> 10
H15: 2 | I15: Echo reading of the normal bits | N15: 10 | O15: 0 | AD15: 2 | AE15: Read of the normal bits. | AJ15: 10 | AK15: 0 | AS15: =AS14*10 -> 100
H16: 3 | I16: Echo writing of the general bits | N16: 11 | O16: 0 | AD16: 3 | AE16: Write of the general bits. | AJ16: 11 | AK16: 0 | AS16: =AS15*10 -> 1000
H17: 4 | I17: Echo writing of the normal bits | N17: 12 | O17: 0 | AD17: 4 | AE17: Write of the normal bits. | AJ17: 12 | AK17: 0 | AS17: =AS16*10 -> 10000
H18: 5 | I18: Echo reading of the program personalisation | N18: 13 | O18: 0 | AD18: 5 | AE18: Read of the program personalisation | AJ18: 13 | AK18: 0 | AS18: =AS17*10 -> 100000
H19: 6 | I19: Echo writing of the program personalisation | N19: 14 | O19: 0 | AD19: 6 | AE19: Write of the program personalisation. | AJ19: 14 | AK19: 0 | AS19: =AS18*10 -> 1000000
H20: 7 | I20: Echo writing Last Result | N20: 15 | O20: 1 | AD20: 7 | AE20: Load Last result pressure and leak data to address 20h | AJ20: 15 | AK20: 0 | AS20: =AS19*10 -> 10000000 | AT20: 5 | AU20: 2.4 PDF Page 228/286 | AV20: Move the Last Results to the exchange zone at address 20h see "Last Results" Excel tab
B21: Error Code | C21: =+B21 -> Error Code | F21: 02 | G21: =HEX2DEC(F21) -> 2 | H21: 0 | I21: Reset error | J21: =DEC2HEX(K21,4) -> 03EF | K21: =+K5+1 -> 1007 | L21: =L13+1 -> 1008 | M21: =DEC2HEX(L21,4) -> 03F0 | N21: 0 | O21: 0 | P21: =BIN2HEX(CONCATENATE(O28,O27,O26,O25,O24,O23,O22,O21)) -> 0 | Q21: =CONCATENATE(P21,P29) -> 00 | R21: =CONCATENATE(P29,P21) -> 00 | S21: =MOD(HEX2DEC(Q21)+2^15,2^16)-2^15 -> 0 | T21: =MOD(HEX2DEC(R21)+2^15,2^16)-2^15 -> 0 | U21: PLC may or may not see Byte 2 & 3 as FF FF while command is in progress | X21: Commands | Y21: =+X21 -> Commands | AB21: =DEC2HEX(AC21) -> 2 | AC21: =AC13+1 -> 2 | AD21: 0 | AE21: NOT USED | AF21: =DEC2HEX(AG21,4) -> 0859 | AG21: =+AG5+1 -> 2137 | AH21: =AH13+1 -> 2138 | AI21: =DEC2HEX(AH21,4) -> 085A | AJ21: 0
H22: 1 | I22: Start error | N22: 1 | O22: 0 | AB22: =DEC2HEX(AC22) -> 3 | AC22: =AC21+1 -> 3 | AD22: 15 | AE22: NOT USED | AH22: =AH21+1 -> 2139 | AI22: =DEC2HEX(AH22,4) -> 085B | AJ22: 15
H23: 2 | I23: Special cycle error | N23: 2 | O23: 0 | X23: Commands | Y23: =+X23 -> Commands | AB23: =DEC2HEX(AC23) -> 4 | AC23: =AC22+1 -> 4 | AD23: 0 | AE23: NOT Typically USED Select ATEQ "Head" to send commands Only if multiple heads are connected together via RS485 with an ATEQ C540 central controller Address 04h: Number of the targeted module (C540) selection of the head connected to the C540 central. Address 05h = 0 | AF23: =DEC2HEX(AG23,4) -> 085A | AG23: =+AG21+1 -> 2138 | AH23: =AH22+1 -> 2140 | AI23: =DEC2HEX(AH23,4) -> 085C | AJ23: 0 | AK23: Not Typically Used
H24: 3 | I24: Program selection error | N24: 3 | O24: 0 | AB24: =DEC2HEX(AC24) -> 5 | AC24: =AC23+1 -> 5 | AD24: 15 | AH24: =AH23+1 -> 2141 | AI24: =DEC2HEX(AH24,4) -> 085D | AJ24: 15
H25: 4 | I25: Reading of the results FIFO error | N25: 4 | O25: 0 | X25: Commands | Y25: =Y33 -> Program to be Loaded | AB25: =DEC2HEX(AC25) -> 6 | AC25: =AC24+1 -> 6 | AD25: 0 | AE25: 2 byte BCD of program # PLC is requesting to be loaded when Byte0-Bit3 is set to 1 OR Program to read/write Parameters when Byte0-Bit5 is set to 1 ATEQ screen/program # will be +1 (ATEQ Program #1 = 0, ATEQ Program #11 = 10 dec (000A) Must Validate byte swap may be 0A00 e.g. 0A 00h = program #11 on ATEQ screen | AF25: =DEC2HEX(AG25,4) -> 085B | AG25: =+AG23+1 -> 2139 | AH25: =AH24+1 -> 2142 | AI25: =DEC2HEX(AH25,4) -> 085E | AJ25: 0 | AK25: =HEX2BIN(AL25,8) -> 00001010 | AL25: =RIGHT(DEC2HEX(AP25,4),2) -> 0A | AM25: =CONCATENATE(AL25,AL33) -> 0A00 | AN25: =CONCATENATE(AL33,AL25) -> 000A | AO25: =MOD(HEX2DEC(AM25)+2^15,2^16)-2^15 -> 2560 | AP25: =AR25-1 -> 10 | AQ25: =AO25+1 -> 2561 | AR25: 11 | AS25: Enter ATEQ Program # | AX25: P.1
H26: 5 | I26: Reading of the parameters error | N26: 5 | O26: 0 | AD26: 1 | AJ26: 1
H27: 6 | I27: Writing of the parameters error | N27: 6 | O27: 0 | AD27: 2 | AJ27: 2
H28: 7 | I28: Reset of the results FIFO error | N28: 7 | O28: 0 | AD28: 3 | AJ28: 3
C29: =+B21 -> Error Code | F29: 03 | G29: =HEX2DEC(F29) -> 3 | H29: 0 | I29: Reading of the instrument configuration error | L29: =L21+1 -> 1009 | M29: =DEC2HEX(L29,4) -> 03F1 | N29: 8 | O29: 0 | P29: =BIN2HEX(CONCATENATE(O36,O35,O34,O33,O32,O31,O30,O29)) -> 0 | AD29: 4 | AJ29: 4
H30: 1 | I30: Reading of the general bits error | N30: 9 | O30: 0 | AD30: 5 | AJ30: 5
H31: 2 | I31: Reading of the normal bits error | N31: 10 | O31: 0 | AD31: 6 | AJ31: 6
H32: 3 | I32: Writing of the general bits error | N32: 11 | O32: 0 | AD32: 7 | AJ32: 7
H33: 4 | I33: Writing of the normal bits error | N33: 12 | O33: 0 | Y33: Program to be Loaded | AB33: =DEC2HEX(AC33) -> 7 | AC33: =AC25+1 -> 7 | AD33: 0 | AH33: =AH25+1 -> 2143 | AI33: =DEC2HEX(AH33,4) -> 085F | AJ33: 8 | AK33: =HEX2BIN(AL33,8) -> 00000000 | AL33: =LEFT(DEC2HEX(AP25,4),2) -> 00
H34: 5 | I34: Reading of the program personalisation error | N34: 13 | O34: 0 | AD34: 1 | AJ34: 9
H35: 6 | I35: Writing of the program personalisation error | N35: 14 | O35: 0 | AD35: 2 | AJ35: 10
H36: 7 | I36: Echo writing Last Result Error | N36: 15 | O36: 0 | AD36: 3 | AJ36: 11
A37: Real Time Measurements Real Time Measurements Real Time Measurements Real Time Measurements | B37: Current module in use | C37: =+B37 -> Current module in use | F37: 04 | G37: =HEX2DEC(F37) -> 4 | H37: 0 | I37: Current ATEQ "Head" in use only if multiple heads are connected together via RS485 with an ATEQ C540 central controller | J37: =DEC2HEX(K37,2) -> #NUM! | K37: =+K21+1 -> 1008 | L37: =L29+1 -> 1010 | M37: =DEC2HEX(L37,4) -> 03F2 | N37: 0 | O37: Not Typically Used | AD37: 4 | AJ37: 12
F38: 05 | G38: =HEX2DEC(F38) -> 5 | H38: 15 | L38: =L37+1 -> 1011 | M38: =DEC2HEX(L38,4) -> 03F3 | N38: 15 | AD38: 5 | AJ38: 13 | AX38: pg.235 sample of changing the timers
B39: Current program in use | C39: =+B39 -> Current program in use | F39: 06 | G39: =HEX2DEC(F39) -> 6 | H39: 0 | I39: 2 byte BCD of Current program # selected on ATEQ +1 (ATEQ Program #1 = 0, ATEQ Program #11 = 10 dec (0A00) swapped is 10 dec +1 is program 11 Must Validate byte swap | J39: =DEC2HEX(K39,4) -> 03F1 | K39: =+K37+1 -> 1009 | L39: =L38+1 -> 1012 | M39: =DEC2HEX(L39,4) -> 03F4 | N39: 0 | O39: =HEX2BIN(P39,8) -> 00000000 | P39: 00 | Q39: =CONCATENATE(P39,P47) -> 0000 | R39: =CONCATENATE(P47,P39) -> 0000 | S39: =MOD(HEX2DEC(Q39)+2^15,2^16)-2^15 -> 0 | T39: =MOD(HEX2DEC(R39)+2^15,2^16)-2^15 -> 0 | U39: =S39+1 -> 1 | V39: =T39+1 -> 1 | AD39: 6 | AJ39: 14
H40: 1 | N40: 1 | AD40: 7 | AJ40: 15
H41: 2 | N41: 2 | X41: Commands | Y41: =Y49 -> Special Cycle to be Loaded | AB41: =DEC2HEX(AC41) -> 8 | AC41: =AC33+1 -> 8 | AD41: 0 | AE41: 2 byte BCD code of the "Special Cycle" the PLC is requesting to be loaded when Byte0-Bit2 is set to 1 "Piezo Auto Zero" = 00 07 "Infinite Fill" = 00 11 Code will depend on model of ATEQ F, MF, D etc. Must validate if data is swapped See SPE Cycle tab for other codes | AF41: =DEC2HEX(AG41,4) -> 085C | AG41: =AG25+1 -> 2140 | AH41: =AH33+1 -> 2144 | AI41: =DEC2HEX(AH41,4) -> 0860 | AJ41: 0 | AK41: =HEX2BIN(AL41,8) -> 00000111 | AL41: 07 | AM41: =CONCATENATE(AL41,AL49) -> 0700 | AN41: =CONCATENATE(AL49,AL41) -> 0007 | AO41: =MOD(HEX2DEC(AM41)+2^15,2^16)-2^15 -> 1792 | AP41: =MOD(HEX2DEC(AN41)+2^15,2^16)-2^15 -> 7 | AQ41: Depends on ATEQ Type F, MF, D ect See ATEQ NetworksO manual for "Special Cycle Bit Table" PDF page 63/286
H42: 3 | N42: 3 | AD42: 1 | AJ42: 1
H43: 4 | N43: 4 | AD43: 2 | AJ43: 2
H44: 5 | N44: 5 | AD44: 3 | AJ44: 3
H45: 6 | N45: 6 | AD45: 4 | AJ45: 4
H46: 7 | N46: 7 | AD46: 5 | AJ46: 5
C47: =+B39 -> Current program in use | F47: 07 | G47: =HEX2DEC(F47) -> 7 | H47: 0 | L47: =L39+1 -> 1013 | M47: =DEC2HEX(L47,4) -> 03F5 | N47: 8 | O47: =HEX2BIN(P47,8) -> 00000000 | P47: 00 | AD47: 6 | AJ47: 6
H48: 1 | N48: 9 | AD48: 7 | AJ48: 7
H49: 2 | N49: 10 | Y49: Special Cycle to be Loaded | AB49: =DEC2HEX(AC49) -> 9 | AC49: =AC41+1 -> 9 | AD49: 0 | AH49: =AH41+1 -> 2145 | AI49: =DEC2HEX(AH49,4) -> 0861 | AJ49: 8 | AK49: =HEX2BIN(AL49,8) -> 00000000 | AL49: 00
H50: 3 | N50: 11 | AD50: 1 | AJ50: 9
H51: 4 | N51: 12 | AD51: 2 | AJ51: 10
H52: 5 | N52: 13 | AD52: 3 | AJ52: 11
H53: 6 | N53: 14 | AD53: 4 | AJ53: 12
H54: 7 | N54: 15 | AD54: 5 | AJ54: 13
B55: Number of results in FIFO | C55: =+B55 -> Number of results in FIFO | F55: 08 | G55: =HEX2DEC(F55) -> 8 | H55: 0 | I55: 2 byte BCD of Number of Results in FIFO Must Validate byte swap 0001 may be 0100 Reset FIFO to zero before starting new cycle Byte0-Bit7=1, set=0 after FIFO is cleared to zero | J55: =DEC2HEX(K55,4) -> 03F2 | K55: =K39+1 -> 1010 | L55: =L47+1 -> 1014 | M55: =DEC2HEX(L55,4) -> 03F6 | N55: 0 | O55: =HEX2BIN(P55,8) -> 00000001 | P55: 1 | Q55: =CONCATENATE(P55,P63) -> 100 | R55: =CONCATENATE(P63,P55) -> 001 | S55: =MOD(HEX2DEC(Q55)+2^15,2^16)-2^15 -> 256 | T55: =MOD(HEX2DEC(R55)+2^15,2^16)-2^15 -> 1 | U55: =S55 -> 256 | V55: 1 | AD55: 6 | AJ55: 14
H56: 1 | N56: 1 | AD56: 7 | AJ56: 15
H57: 2 | N57: 2 | X57: Commands | Y57: =Y58 -> 0 | AB57: =DEC2HEX(AC57) -> A | AC57: =AC49+1 -> 10 | AD57: 0 | AE57: 2 byte BCD code of the "Test Type" the PLC is requesting to be Created if PLC is making new programs Code will depend on model of ATEQ F, MF, D etc. | AF57: =DEC2HEX(AG57,4) -> 085D | AG57: =+AG41+1 -> 2141 | AH57: =AH49+1 -> 2146 | AI57: =DEC2HEX(AH57,4) -> 0862 | AJ57: 0
H58: 3 | N58: 3 | AB58: =DEC2HEX(AC58) -> B | AC58: =AC57+1 -> 11 | AD58: 7 | AH58: =AH57+1 -> 2147 | AI58: =DEC2HEX(AH58,4) -> 0863 | AJ58: 15
H59: 4 | N59: 4 | X59: Commands | Y59: =+X59 -> Commands | AB59: =DEC2HEX(AC59) -> C | AC59: =AC58+1 -> 12 | AD59: 0 | AE59: NOT USED | AF59: =DEC2HEX(AG59,4) -> 085E | AG59: =+AG57+1 -> 2142 | AH59: =AH58+1 -> 2148 | AI59: =DEC2HEX(AH59,4) -> 0864 | AJ59: 0
H60: 5 | N60: 5 | AB60: =DEC2HEX(AC60) -> D | AC60: =AC59+1 -> 13 | AD60: 7 | AE60: NOT USED | AH60: =AH59+1 -> 2149 | AI60: =DEC2HEX(AH60,4) -> 0865 | AJ60: 15
H61: 6 | N61: 6 | X61: Commands | Y61: =+X61 -> Commands | AB61: =DEC2HEX(AC61) -> E | AC61: =AC60+1 -> 14 | AD61: 0 | AE61: NOT USED | AF61: =DEC2HEX(AG61,4) -> 085F | AG61: =+AG59+1 -> 2143 | AH61: =AH60+1 -> 2150 | AI61: =DEC2HEX(AH61,4) -> 0866 | AJ61: 0
H62: 7 | N62: 7 | AB62: =DEC2HEX(AC62) -> F | AC62: =AC61+1 -> 15 | AD62: 7 | AE62: NOT USED | AH62: =AH61+1 -> 2151 | AI62: =DEC2HEX(AH62,4) -> 0867 | AJ62: 15
C63: =+B55 -> Number of results in FIFO | F63: 09 | G63: =HEX2DEC(F63) -> 9 | H63: 0 | L63: =L55+1 -> 1015 | M63: =DEC2HEX(L63,4) -> 03F7 | N63: 8 | O63: =HEX2BIN(P63,8) -> 00000000 | P63: 00 | X63: Commands | Y63: =+X63 -> Commands | AB63: =DEC2HEX(AC63) -> 10 | AC63: =AC62+1 -> 16 | AD63: 0 | AE63: NOT USED | AF63: =DEC2HEX(AG63,4) -> 0860 | AG63: =+AG61+1 -> 2144 | AH63: =AH62+1 -> 2152 | AI63: =DEC2HEX(AH63,4) -> 0868 | AJ63: 0
H64: 1 | N64: 9 | AB64: =DEC2HEX(AC64) -> 11 | AC64: =AC63+1 -> 17 | AD64: 7 | AE64: NOT USED | AH64: =AH63+1 -> 2153 | AI64: =DEC2HEX(AH64,4) -> 0869 | AJ64: 15
H65: 2 | N65: 10 | X65: Commands | Y65: =+X65 -> Commands | AB65: =DEC2HEX(AC65) -> 12 | AC65: =AC64+1 -> 18 | AD65: 0 | AE65: NOT USED | AF65: =DEC2HEX(AG65,4) -> 0861 | AG65: =+AG63+1 -> 2145 | AH65: =AH64+1 -> 2154 | AI65: =DEC2HEX(AH65,4) -> 086A | AJ65: 0
H66: 3 | N66: 11 | AB66: =DEC2HEX(AC66) -> 13 | AC66: =AC65+1 -> 19 | AD66: 7 | AE66: NOT USED | AH66: =AH65+1 -> 2155 | AI66: =DEC2HEX(AH66,4) -> 086B | AJ66: 15
H67: 4 | N67: 12 | X67: Commands | Y67: =+X67 -> Commands | AB67: =DEC2HEX(AC67) -> 14 | AC67: =AC66+1 -> 20 | AD67: 0 | AE67: NOT USED | AF67: =DEC2HEX(AG67,4) -> 0862 | AG67: =+AG65+1 -> 2146 | AH67: =AH66+1 -> 2156 | AI67: =DEC2HEX(AH67,4) -> 086C | AJ67: 0
H68: 5 | N68: 13 | AB68: =DEC2HEX(AC68) -> 15 | AC68: =AC67+1 -> 21 | AD68: 7 | AE68: NOT USED | AH68: =AH67+1 -> 2157 | AI68: =DEC2HEX(AH68,4) -> 086D | AJ68: 15
H69: 6 | N69: 14 | X69: Commands | Y69: =+X69 -> Commands | AB69: =DEC2HEX(AC69) -> 16 | AC69: =AC68+1 -> 22 | AD69: 0 | AE69: NOT USED | AF69: =DEC2HEX(AG69,4) -> 0863 | AG69: =+AG67+1 -> 2147 | AH69: =AH68+1 -> 2158 | AI69: =DEC2HEX(AH69,4) -> 086E | AJ69: 0
H70: 7 | N70: 15 | AB70: =DEC2HEX(AC70) -> 17 | AC70: =AC69+1 -> 23 | AD70: 7 | AE70: NOT USED | AH70: =AH69+1 -> 2159 | AI70: =DEC2HEX(AH70,4) -> 086F | AJ70: 15
B71: Type of test in progress. | C71: =+B71 -> Type of test in progress. | F71: 0A | G71: =+HEX2DEC(F71) -> 10 | H71: 0 | I71: 2 byte ATEQ code to identify the type of test based on the selected program. Test types are identified by, Invalid: 0000, Leak: 0100, Blockage mode: 0200, Desensitized mode: 0300 Operator mode: 0400 and will depend on model of ATEQ F, MF, D etc. Must validate if data is swapped | J71: =DEC2HEX(K71,4) -> 03F3 | K71: =K55+1 -> 1011 | L71: =L63+1 -> 1016 | M71: =DEC2HEX(L71,4) -> 03F8 | N71: 0 | O71: =HEX2BIN(P71,8) -> 00000000 | P71: 00 | Q71: =CONCATENATE(P71,P79) -> 0001 | R71: =CONCATENATE(P79,P71) -> 0100 | S71: =MOD(HEX2DEC(Q71)+2^15,2^16)-2^15 -> 1 | T71: =MOD(HEX2DEC(R71)+2^15,2^16)-2^15 -> 256 | U71: Depends on ATEQ Type F, MF, D ect See ATEQ NetworksO manual for "Addresses" | X71: Commands | Y71: =+X71 -> Commands | AB71: =DEC2HEX(AC71) -> 18 | AC71: =AC70+1 -> 24 | AD71: 0 | AE71: NOT USED | AF71: =DEC2HEX(AG71,4) -> 0864 | AG71: =+AG69+1 -> 2148 | AH71: =AH70+1 -> 2160 | AI71: =DEC2HEX(AH71,4) -> 0870 | AJ71: 0
H72: 1 | N72: 1 | AB72: =DEC2HEX(AC72) -> 19 | AC72: =AC71+1 -> 25 | AD72: 7 | AE72: NOT USED | AH72: =AH71+1 -> 2161 | AI72: =DEC2HEX(AH72,4) -> 0871 | AJ72: 15
H73: 2 | N73: 2 | X73: Commands | Y73: =+X73 -> Commands | AB73: =DEC2HEX(AC73) -> 1A | AC73: =AC72+1 -> 26 | AD73: 0 | AE73: NOT USED | AF73: =DEC2HEX(AG73,4) -> 0865 | AG73: =+AG71+1 -> 2149 | AH73: =AH72+1 -> 2162 | AI73: =DEC2HEX(AH73,4) -> 0872 | AJ73: 0
H74: 3 | N74: 3 | AB74: =DEC2HEX(AC74) -> 1B | AC74: =AC73+1 -> 27 | AD74: 7 | AE74: NOT USED | AH74: =AH73+1 -> 2163 | AI74: =DEC2HEX(AH74,4) -> 0873 | AJ74: 15
H75: 4 | N75: 4 | X75: Commands | Y75: =+X75 -> Commands | AB75: =DEC2HEX(AC75) -> 1C | AC75: =AC74+1 -> 28 | AD75: 0 | AE75: NOT USED | AF75: =DEC2HEX(AG75,4) -> 0866 | AG75: =+AG73+1 -> 2150 | AH75: =AH74+1 -> 2164 | AI75: =DEC2HEX(AH75,4) -> 0874 | AJ75: 0
H76: 5 | N76: 5 | AB76: =DEC2HEX(AC76) -> 1D | AC76: =AC75+1 -> 29 | AD76: 7 | AE76: NOT USED | AH76: =AH75+1 -> 2165 | AI76: =DEC2HEX(AH76,4) -> 0875 | AJ76: 15
H77: 6 | N77: 6 | X77: Commands | Y77: =+X77 -> Commands | AB77: =DEC2HEX(AC77) -> 1E | AC77: =AC76+1 -> 30 | AD77: 0 | AE77: NOT USED | AF77: =DEC2HEX(AG77,4) -> 0867 | AG77: =+AG75+1 -> 2151 | AH77: =AH76+1 -> 2166 | AI77: =DEC2HEX(AH77,4) -> 0876 | AJ77: 0
H78: 7 | N78: 7 | AB78: =DEC2HEX(AC78) -> 1F | AC78: =AC77+1 -> 31 | AD78: 7 | AE78: NOT USED | AH78: =AH77+1 -> 2167 | AI78: =DEC2HEX(AH78,4) -> 0877 | AJ78: 15
C79: =+B71 -> Type of test in progress. | F79: 0B | G79: =+HEX2DEC(F79) -> 11 | H79: 0 | L79: =L71+1 -> 1017 | M79: =DEC2HEX(L79,4) -> 03F9 | N79: 8 | O79: =HEX2BIN(P79,8) -> 00000001 | P79: 01
H80: 1 | N80: 9
H81: 2 | N81: 10
H82: 3 | N82: 11
H83: 4 | N83: 12
H84: 5 | N84: 13
H85: 6 | N85: 14
H86: 7 | N86: 15
B87: Real time test results | C87: =+B87 -> Real time test results | F87: 0C | G87: =+HEX2DEC(F87) -> 12 | H87: 0 | I87: Pass part. (OK) | J87: =DEC2HEX(K87,4) -> 03F4 | K87: =K71+1 -> 1012 | L87: =L79+1 -> 1018 | M87: =DEC2HEX(L87,4) -> 03FA | N87: 0 | O87: 0 | P87: =BIN2HEX(CONCATENATE(O94,O93,O92,O91,O90,O89,O88,O87)) -> 20 | Q87: =CONCATENATE(P87,P95) -> 2080 | R87: =CONCATENATE(P95,P87) -> 8020 | S87: =MOD(HEX2DEC(Q87)+2^15,2^16)-2^15 -> 8320 | T87: =MOD(HEX2DEC(R87)+2^15,2^16)-2^15 -> -32736 | U87: Depends on ATEQ Type F, MF, D ect See ATEQ NetworksO manual PDF page 69, 110, 136, 219/286
H88: 1 | I88: Fail test part.(NOK) | N88: 1 | O88: 0
H89: 2 | I89: Fail reference part.(NOK) | N89: 2 | O89: 0
H90: 3 | I90: Alarm. | N90: 3 | O90: 0
H91: 4 | I91: Pressure error (Alarm) | N91: 4 | O91: 0
H92: 5 | I92: Cycle end (system ready). | N92: 5 | O92: 1
H93: 6 | I93: Part recoverable. | N93: 6 | O93: 0
H94: 7 | I94: Calibration error. | N94: 7 | O94: 0
C95: =+B87 -> Real time test results | F95: 0D | G95: =+HEX2DEC(F95) -> 13 | H95: 0 | I95: Calibration check error | L95: =L87+1 -> 1019 | M95: =DEC2HEX(L95,4) -> 03FB | N95: 8 | O95: 0 | P95: =BIN2HEX(CONCATENATE(O102,O101,O100,O99,O98,O97,O96,O95)) -> 80
H96: 1 | I96: ATR fault. | N96: 9 | O96: 0
H97: 2 | I97: Not used | N97: 10 | O97: 0
H98: 3 | I98: Not used | N98: 11 | O98: 0
H99: 4 | I99: Not used | N99: 12 | O99: 0
H100: 5 | I100: Not used | N100: 13 | O100: 0
H101: 6 | I101: Not used | N101: 14 | O101: 0
...

Sheet Last Test Results
D2: ATEQ Addresses | I2: PLC INPUT | Z2: ATEQ Input Address | AE2: PLC OUTPUT to ATEQ | AK2: ENTER Binary Value ONLY in GREEN AREAS | AL2: ENTER HEX Value ONLY in GREEN AREAS | AM2: HEX CMD | AN2: HEX CMD Word Swap | AO2: DEC CMD Word | AP2: DEC CMD Word Swap | AQ2: Actual Data Dec | AR2: Actual Data Swap Dec | AS2: Binary | AT2: Cycle Step
D3: Word | F3: Byte | J3: PLC Word INT | P3: Enter Value HEX | Q3: Word HEX | R3: HEX Swap | S3: DEC | T3: Swap DEC | U3: Act Data | V3: Act Data Swap | Z3: Word | AB3: Byte | AF3: PLC Word INT | AH3: Byte
D4: Hex | E4: Dec | F4: Hex | G4: Dec | H4: Bits | I4: Description | J4: Hex | K4: Dec | L4: DEC | M4: HEX | N4: Bits | Z4: Hex | AA4: Dec | AB4: Hex | AC4: Dec | AD4: Bits | AE4: ATEQ Commands | AF4: Hex | AG4: Dec | AH4: Dec | AI4: Hex | AJ4: Bits | AU4: Chapter 21 page 217/286 in NetworksO manual
D5: See LIVE Real Time Control Tab ATEQ Address 00 to 1F for Cycle Control | X5: Commands | Y5: =+X5 -> Commands | AB5: =DEC2HEX(AC5) -> 0 | AC5: 0 | AD5: 0 | AE5: Reset (stop the current cycle) | AF5: =DEC2HEX(AG5,2) -> #NUM! | AG5: ='LIVE Real Time Control'!AG5:AG20 -> 2136 | AH5: =AG5 -> 2136 | AI5: =DEC2HEX(AH5,4) -> 0858 | AJ5: 0 | AK5: 0 | AL5: =BIN2HEX(CONCATENATE(AK12,AK11,AK10,AK9,AK8,AK7,AK6,AK5)) -> 0 | AM5: =CONCATENATE(AL5,AL13) -> 080 | AN5: =CONCATENATE(AL13,AL5) -> 800 | AO5: =MOD(HEX2DEC(AM5)+2^15,2^16)-2^15 -> 128 | AP5: =MOD(HEX2DEC(AN5)+2^15,2^16)-2^15 -> 2048 | AS5: 1 | AT5: 2 | AU5: 2.1.4 PDF Page 223/286 | AV5: Rising edge clears Alarms & Pass/Fail Bits or stops the current cycle
AD6: 1 | AE6: Start (Test or Special cycle) | AJ6: 1 | AK6: 0 | AS6: =AS5*10 -> 10 | AT6: 4 | AU6: 2.1.3 PDF Page 222/286 | AV6: Load Program or Special cycle first then set to 1 rising edge to start
AD7: 2 | AE7: Load Special Cycle code selected at address 8 & 9 | AJ7: 2 | AK7: 0 | AS7: =AS6*10 -> 100 | AU7: 2.1.5 PDF Page 224/286 | AV7: Set Special Cycle code # at 08-09h first then set byte0-Bit2 =1 to load. See chart 1.2 in manual for special cycle options of the unit type used
A8: Last Results Measurements Last Results Measurements Last Results Measurements Last Results Measurements | B8: Program # of Last Results Data | C8: =+B8 -> Program # of Last Results Data | D8: 20 | E8: =HEX2DEC(D8) -> 32 | F8: =DEC2HEX(G8,2) -> 20 | G8: 32 | H8: 0 | I8: 1 Word (2 byte) BCD of Last Results program # ATEQ -1 (ATEQ Program #1 = 0, ATEQ Program #11 = 10 dec (000A) Must Validate byte swap may be 0A00 Data must be moved in to the exchange zone by request set byte1-Bit7=1 to move data | J8: =DEC2HEX(K8,2) -> #NUM! | K8: ='LIVE Real Time Control'!K231+1 -> 1022 | L8: ='LIVE Real Time Control'!L247 -> 1038 | M8: =DEC2HEX(L8,4) -> 040E | N8: 0 | O8: =HEX2BIN(P8,8) -> 00000000 | P8: 00 | Q8: =CONCATENATE(P8,P16) -> 0000 | R8: =CONCATENATE(P16,P8) -> 0000 | S8: =MOD(HEX2DEC(Q8)+2^15,2^16)-2^15 -> 0 | T8: =MOD(HEX2DEC(R8)+2^15,2^16)-2^15 -> 0 | U8: =S8+1 -> 1 | V8: =T8+1 -> 1 | AD8: 3 | AE8: Load Program # selection from 06-07h | AJ8: 3 | AK8: 0 | AS8: =AS7*10 -> 1000 | AT8: 1 | AU8: 2.1.2 PDF Page 221/286 | AV8: Set Program # at 06-07h first then set Byte0-Bit3 =1 to load program # (ATEQ screen is +1, e.g. 06h = 01h (01 = program #2 on ATEQ screen)
H9: 1 | N9: 1 | AD9: 4 | AE9: Read the FIFO cycles results | AJ9: 4 | AK9: 0 | AS9: =AS8*10 -> 10000
H10: 2 | N10: 2 | AD10: 5 | AE10: Read of the parameters | AJ10: 5 | AK10: 0 | AS10: =AS9*10 -> 100000 | AT10: 6 | AU10: 2.2 PDF Page 226/286 | AV10: Moves the test parameters in the exchange zone at address 20h see "Read Parameters" Excel tab
H11: 3 | N11: 3 | AD11: 6 | AE11: Write of the parameters | AJ11: 6 | AK11: 0 | AS11: =AS10*10 -> 1000000
H12: 4 | N12: 4 | AD12: 7 | AE12: Reset of the results in FIFO | AJ12: 7 | AK12: 0 | AS12: =AS11*10 -> 10000000 | AT12: 3 | AU12: 2.5 PDF Page 229/286 | AV12: Clears FIFO to ensure the data moved into the last results is from the last cycle
H13: 5 | N13: 5 | Y13: =+X5 -> Commands | AB13: =DEC2HEX(AC13) -> 1 | AC13: =AC5+1 -> 1 | AD13: 0 | AE13: Read of the instrument configuration | AH13: =AH5+1 -> 2137 | AI13: =DEC2HEX(AH13,4) -> 0859 | AJ13: 8 | AK13: 0 | AL13: =BIN2HEX(CONCATENATE(AK20,AK19,AK18,AK17,AK16,AK15,AK14,AK13)) -> 80 | AS13: 1
H14: 6 | N14: 6 | AD14: 1 | AE14: Read of the general bits. | AJ14: 9 | AK14: 0 | AS14: =AS13*10 -> 10
H15: 7 | N15: 7 | AD15: 2 | AE15: Read of the normal bits. | AJ15: 10 | AK15: 0 | AS15: =AS14*10 -> 100
C16: =+B8 -> Program # of Last Results Data | F16: =DEC2HEX(G16,2) -> 21 | G16: =G8+1 -> 33 | H16: 8 | L16: =L8+1 -> 1039 | M16: =DEC2HEX(L16,4) -> 040F | N16: 8 | O16: =HEX2BIN(P16,8) -> 00000000 | P16: 00 | AD16: 3 | AE16: Write of the general bits. | AJ16: 11 | AK16: 0 | AS16: =AS15*10 -> 1000
H17: 9 | N17: 9 | AD17: 4 | AE17: Write of the normal bits. | AJ17: 12 | AK17: 0 | AS17: =AS16*10 -> 10000
H18: 10 | N18: 10 | AD18: 5 | AE18: Read of the program personalisation | AJ18: 13 | AK18: 0 | AS18: =AS17*10 -> 100000
H19: 11 | N19: 11 | AD19: 6 | AE19: Write of the program personalisation. | AJ19: 14 | AK19: 0 | AS19: =AS18*10 -> 1000000
H20: 12 | N20: 12 | AD20: 7 | AE20: Load Last result pressure and leak data to address 20h | AJ20: 15 | AK20: 1 | AS20: =AS19*10 -> 10000000 | AT20: 5 | AU20: 2.4 PDF Page 228/286 | AV20: Move the Last Results to the exchange zone at address 20h see "Last Results" Excel tab
H21: 13 | N21: 13 | X21: Commands | Y21: =+X21 -> Commands | AB21: =DEC2HEX(AC21) -> 2 | AC21: =AC13+1 -> 2 | AD21: 0 | AE21: NOT USED | AF21: =DEC2HEX(AG21,4) -> 0859 | AG21: =+AG5+1 -> 2137 | AH21: =AH13+1 -> 2138 | AI21: =DEC2HEX(AH21,4) -> 085A | AJ21: 0
H22: 14 | N22: 14 | AB22: =DEC2HEX(AC22) -> 3 | AC22: =AC21+1 -> 3 | AD22: 15 | AE22: NOT USED | AH22: =AH21+1 -> 2139 | AI22: =DEC2HEX(AH22,4) -> 085B | AJ22: 15
H23: 15 | N23: 15 | X23: Commands | Y23: =+X23 -> Commands | AB23: =DEC2HEX(AC23) -> 4 | AC23: =AC22+1 -> 4 | AD23: 0 | AE23: NOT Typically USED Select ATEQ "Head" to send commands Only if multiple heads are connected together via RS485 with an ATEQ C540 central controller Address 04h: Number of the targeted module (C540) selection of the head connected to the C540 central. Address 05h = 0 | AF23: =DEC2HEX(AG23,4) -> 085A | AG23: =+AG21+1 -> 2138 | AH23: =AH22+1 -> 2140 | AI23: =DEC2HEX(AH23,4) -> 085C | AJ23: 0 | AK23: Not Typically Used
B24: Type of test run in Last Results Data | C24: =+B24 -> Type of test run in Last Results Data | D24: 21 | E24: =HEX2DEC(D24) -> 33 | F24: =DEC2HEX(G24,2) -> 22 | G24: =G16+1 -> 34 | H24: 0 | I24: word (2 byte) ATEQ code to identify the type of test run in the Last Results. Test types are identified by, Invalid: 0000, Leak: 0100, Blockage mode: 0200, Desensitized mode: 3000, Operator mode: 0400 and will depend on model of ATEQ F, MF, D etc. Must validate if data is swapped Data must be moved in to the exchange zone by request set byte1-Bit7=1 to move data | J24: =DEC2HEX(K24,2) -> #NUM! | K24: =+K8+1 -> 1023 | L24: =L16+1 -> 1040 | M24: =DEC2HEX(L24,4) -> 0410 | N24: 0 | O24: =HEX2BIN(P24,8) -> 00010000 | P24: 10 | Q24: =CONCATENATE(P24,P32) -> 1000 | R24: =CONCATENATE(P32,P24) -> 0010 | S24: =MOD(HEX2DEC(Q24)+2^15,2^16)-2^15 -> 4096 | T24: =MOD(HEX2DEC(R24)+2^15,2^16)-2^15 -> 16 | U24: Depends on ATEQ Type F, MF, D ect See ATEQ NetworksO manual for "Addresses" | AB24: =DEC2HEX(AC24) -> 5 | AC24: =AC23+1 -> 5 | AD24: 15 | AH24: =AH23+1 -> 2141 | AI24: =DEC2HEX(AH24,4) -> 085D | AJ24: 15
H25: 1 | N25: 1 | X25: Commands | Y25: =Y33 -> Program to be Loaded | AB25: =DEC2HEX(AC25) -> 6 | AC25: =AC24+1 -> 6 | AD25: 0 | AE25: 2 byte BCD of program # PLC is requesting to be loaded when Byte0-Bit3 is set to 1 OR Program to read/write Parameters when Byte0-Bit5 is set to 1 ATEQ screen/program # will be +1 (ATEQ Program #1 = 0, ATEQ Program #11 = 10 dec (000A) Must Validate byte swap may be 0A00 e.g. 0A 00h = program #11 on ATEQ screen | AF25: =DEC2HEX(AG25,4) -> 085B | AG25: =+AG23+1 -> 2139 | AH25: =AH24+1 -> 2142 | AI25: =DEC2HEX(AH25,4) -> 085E | AJ25: 0 | AK25: =HEX2BIN(AL25,8) -> 00000111 | AL25: 07 | AM25: =CONCATENATE(AL25,AL33) -> 0700 | AN25: =CONCATENATE(AL33,AL25) -> 0007 | AO25: =MOD(HEX2DEC(AM25)+2^15,2^16)-2^15 -> 1792 | AP25: =MOD(HEX2DEC(AN25)+2^15,2^16)-2^15 -> 7 | AQ25: =AO25+1 -> 1793 | AR25: =AP25+1 -> 8 | AX25: P.1
H26: 2 | N26: 2 | AD26: 1 | AJ26: 1
H27: 3 | N27: 3 | AD27: 2 | AJ27: 2
H28: 4 | N28: 4 | AD28: 3 | AJ28: 3
H29: 5 | N29: 5 | AD29: 4 | AJ29: 4
H30: 6 | N30: 6 | AD30: 5 | AJ30: 5
H31: 7 | N31: 7 | AD31: 6 | AJ31: 6
C32: =+B24 -> Type of test run in Last Results Data | F32: =DEC2HEX(G32,2) -> 23 | G32: =G24+1 -> 35 | H32: 0 | L32: =L24+1 -> 1041 | M32: =DEC2HEX(L32,4) -> 0411 | N32: 8 | O32: =HEX2BIN(P32,8) -> 00000000 | P32: 00 | AD32: 7 | AJ32: 7
H33: 1 | N33: 9 | Y33: Program to be Loaded | AB33: =DEC2HEX(AC33) -> 7 | AC33: =AC25+1 -> 7 | AD33: 0 | AH33: =AH25+1 -> 2143 | AI33: =DEC2HEX(AH33,4) -> 085F | AJ33: 8 | AK33: =HEX2BIN(AL33,8) -> 00000000 | AL33: 00
H34: 2 | N34: 10 | AD34: 1 | AJ34: 9
H35: 3 | N35: 11 | AD35: 2 | AJ35: 10
H36: 4 | N36: 12 | AD36: 3 | AJ36: 11
H37: 5 | N37: 13 | AD37: 4 | AJ37: 12
H38: 6 | N38: 14 | AD38: 5 | AJ38: 13 | AX38: pg.235 sample of changing the timers
H39: 7 | N39: 15 | AD39: 6 | AJ39: 14
B40: Truncated image of live relays | C40: Truncated image of live relays | D40: 22 | E40: =HEX2DEC(D40) -> 34 | F40: =DEC2HEX(G40,2) -> 24 | G40: =G32+1 -> 36 | H40: 0 | I40: Pass part | J40: =DEC2HEX(K40,2) -> #NUM! | K40: =+K24+1 -> 1024 | L40: =L32+1 -> 1042 | M40: =DEC2HEX(L40,4) -> 0412 | N40: 0 | O40: 0 | P40: =BIN2HEX(CONCATENATE(O47,O46,O45,O44,O43,O42,O41,O40)) -> 8 | Q40: =CONCATENATE(P40,P48) -> 80 | R40: =CONCATENATE(P48,P40) -> 08 | S40: =MOD(HEX2DEC(Q40)+2^15,2^16)-2^15 -> 128 | T40: =MOD(HEX2DEC(R40)+2^15,2^16)-2^15 -> 8 | U40: Use the Live Relay Status Real Time Results Bits for cycle control byte C &D | AD40: 7 | AJ40: 15
H41: 1 | I41: Test fail part | N41: 1 | O41: 0 | X41: Commands | Y41: =Y49 -> Special Cycle to be Loaded | AB41: =DEC2HEX(AC41) -> 8 | AC41: =AC33+1 -> 8 | AD41: 0 | AE41: 2 byte BCD code of the "Special Cycle" the PLC is requesting to be loaded when Byte0-Bit2 is set to 1 "Piezo Auto Zero" = 00 07 "Infinite Fill" = 00 11 Code will depend on model of ATEQ F, MF, D etc. Must validate if data is swapped See SPE Cycle tab for other codes | AF41: =DEC2HEX(AG41,4) -> 085C | AG41: =+AG25+1 -> 2140 | AH41: =AH33+1 -> 2144 | AI41: =DEC2HEX(AH41,4) -> 0860 | AJ41: 0 | AK41: =HEX2BIN(AL41,8) -> 00000111 | AL41: 07 | AM41: =CONCATENATE(AL41,AL49) -> 0700 | AN41: =CONCATENATE(AL49,AL41) -> 0007 | AO41: =MOD(HEX2DEC(AM41)+2^15,2^16)-2^15 -> 1792 | AP41: =MOD(HEX2DEC(AN41)+2^15,2^16)-2^15 -> 7 | AQ41: Depends on ATEQ Type F, MF, D ect See ATEQ NetworksO manual for "Special Cycle Bit Table" PDF page 63/286
H42: 2 | I42: Reference fail part | N42: 2 | O42: 0 | AD42: 1 | AJ42: 1
H43: 3 | I43: Alarm (Check Alarm Code word 23h) | N43: 3 | O43: 1 | AD43: 2 | AJ43: 2
H44: 4 | I44: Pressure fault (Check Alarm Code word 23h) | N44: 4 | O44: 0 | AD44: 3 | AJ44: 3
H45: 5 | I45: Reserved | N45: 5 | O45: 0 | AD45: 4 | AJ45: 4
H46: 6 | I46: Recoverable part (NOT Used Pass+Fail = Recoverable) | N46: 6 | O46: 0 | AD46: 5 | AJ46: 5
H47: 7 | I47: Calibration fault | N47: 7 | O47: 0 | AD47: 6 | AJ47: 6
F48: =DEC2HEX(G48,2) -> 25 | G48: =G40+1 -> 37 | H48: 8 | I48: Calibration check fault | L48: =L40+1 -> 1043 | M48: =DEC2HEX(L48,4) -> 0413 | N48: 8 | O48: 0 | P48: =BIN2HEX(CONCATENATE(O55,O54,O53,O52,O51,O50,O49,O48)) -> 0 | AD48: 7 | AJ48: 7
H49: 9 | I49: ATR fault | N49: 9 | O49: 0 | Y49: Special Cycle to be Loaded | AB49: =DEC2HEX(AC49) -> 9 | AC49: =AC41+1 -> 9 | AD49: 0 | AH49: =AH41+1 -> 2145 | AI49: =DEC2HEX(AH49,4) -> 0861 | AJ49: 8 | AK49: =HEX2BIN(AL49,8) -> 00000000 | AL49: 00
H50: 10 | I50: Not used | N50: 10 | O50: 0 | AD50: 1 | AJ50: 9
H51: 11 | I51: Not used | N51: 11 | O51: 0 | AD51: 2 | AJ51: 10
H52: 12 | I52: Not used | N52: 12 | O52: 0 | AD52: 3 | AJ52: 11
H53: 13 | I53: Not used | N53: 13 | O53: 0 | AD53: 4 | AJ53: 12
H54: 14 | I54: Not used | N54: 14 | O54: 0 | AD54: 5 | AJ54: 13
H55: 15 | I55: ? | N55: 15 | O55: 0 | AD55: 6 | AJ55: 14
B56: Alarm Code of Last Results Data | C56: =+B56 -> Alarm Code of Last Results Data | D56: 23 | E56: =HEX2DEC(D56) -> 35 | F56: =DEC2HEX(G56,2) -> 26 | G56: =G48+1 -> 38 | H56: 0 | I56: Word (2 byte) ATEQ code to identify the Alarm of test run in the Last Results. Alarms are identified by, No Alarm: 00 00, will depend on model of ATEQ F, MF, D etc. See Alarm Code Tab Must validate if data is swapped Data must be moved in to the exchange zone by request set byte1-Bit7=1 to move data | J56: =DEC2HEX(K56,2) -> #NUM! | K56: =+K40+1 -> 1025 | L56: =L48+1 -> 1044 | M56: =DEC2HEX(L56,4) -> 0414 | N56: 0 | O56: =HEX2BIN(P56,8) -> 00000000 | P56: 00 | Q56: =CONCATENATE(P56,P64) -> 0000 | R56: =CONCATENATE(P64,P56) -> 0000 | S56: =MOD(HEX2DEC(Q56)+2^15,2^16)-2^15 -> 0 | T56: =MOD(HEX2DEC(R56)+2^15,2^16)-2^15 -> 0 | U56: Depends on ATEQ Type F, MF, D ect. See ATEQ NetworksO manual for "Alarm Codes" PDF page 257/286 | AD56: 7 | AJ56: 15
H57: 1 | N57: 1 | X57: Commands | Y57: =Y58 -> 0 | AB57: =DEC2HEX(AC57) -> A | AC57: =AC49+1 -> 10 | AD57: 0 | AE57: 2 byte BCD code of the "Test Type" the PLC is requesting to be Created if PLC is making new programs Code will depend on model of ATEQ F, MF, D etc. | AF57: =DEC2HEX(AG57,4) -> 085D | AG57: =+AG41+1 -> 2141 | AH57: =AH49+1 -> 2146 | AI57: =DEC2HEX(AH57,4) -> 0862 | AJ57: 0
H58: 2 | N58: 2 | AB58: =DEC2HEX(AC58) -> B | AC58: =AC57+1 -> 11 | AD58: 7 | AH58: =AH57+1 -> 2147 | AI58: =DEC2HEX(AH58,4) -> 0863 | AJ58: 15
H59: 3 | N59: 3 | X59: Commands | Y59: =+X59 -> Commands | AB59: =DEC2HEX(AC59) -> C | AC59: =AC58+1 -> 12 | AD59: 0 | AE59: NOT USED | AF59: =DEC2HEX(AG59,4) -> 085E | AG59: =+AG57+1 -> 2142 | AH59: =AH58+1 -> 2148 | AI59: =DEC2HEX(AH59,4) -> 0864 | AJ59: 0
H60: 4 | N60: 4 | AB60: =DEC2HEX(AC60) -> D | AC60: =AC59+1 -> 13 | AD60: 7 | AE60: NOT USED | AH60: =AH59+1 -> 2149 | AI60: =DEC2HEX(AH60,4) -> 0865 | AJ60: 15
H61: 5 | N61: 5 | X61: Commands | Y61: =+X61 -> Commands | AB61: =DEC2HEX(AC61) -> E | AC61: =AC60+1 -> 14 | AD61: 0 | AE61: NOT USED | AF61: =DEC2HEX(AG61,4) -> 085F | AG61: =+AG59+1 -> 2143 | AH61: =AH60+1 -> 2150 | AI61: =DEC2HEX(AH61,4) -> 0866 | AJ61: 0
H62: 6 | N62: 6 | AB62: =DEC2HEX(AC62) -> F | AC62: =AC61+1 -> 15 | AD62: 7 | AE62: NOT USED | AH62: =AH61+1 -> 2151 | AI62: =DEC2HEX(AH62,4) -> 0867 | AJ62: 15
H63: 7 | N63: 7 | X63: Commands | Y63: =+X63 -> Commands | AB63: =DEC2HEX(AC63) -> 10 | AC63: =AC62+1 -> 16 | AD63: 0 | AE63: NOT USED | AF63: =DEC2HEX(AG63,4) -> 0860 | AG63: =+AG61+1 -> 2144 | AH63: =AH62+1 -> 2152 | AI63: =DEC2HEX(AH63,4) -> 0868 | AJ63: 0
C64: =+B56 -> Alarm Code of Last Results Data | F64: =DEC2HEX(G64,2) -> 27 | G64: =G56+1 -> 39 | H64: 8 | L64: =L56+1 -> 1045 | M64: =DEC2HEX(L64,4) -> 0415 | N64: 8 | O64: =HEX2BIN(P64,8) -> 00000000 | P64: 00 | AB64: =DEC2HEX(AC64) -> 11 | AC64: =AC63+1 -> 17 | AD64: 7 | AE64: NOT USED | AH64: =AH63+1 -> 2153 | AI64: =DEC2HEX(AH64,4) -> 0869 | AJ64: 15
H65: 9 | N65: 9 | X65: Commands | Y65: =+X65 -> Commands | AB65: =DEC2HEX(AC65) -> 12 | AC65: =AC64+1 -> 18 | AD65: 0 | AE65: NOT USED | AF65: =DEC2HEX(AG65,4) -> 0861 | AG65: =+AG63+1 -> 2145 | AH65: =AH64+1 -> 2154 | AI65: =DEC2HEX(AH65,4) -> 086A | AJ65: 0
H66: 10 | N66: 10 | AB66: =DEC2HEX(AC66) -> 13 | AC66: =AC65+1 -> 19 | AD66: 7 | AE66: NOT USED | AH66: =AH65+1 -> 2155 | AI66: =DEC2HEX(AH66,4) -> 086B | AJ66: 15
H67: 11 | N67: 11 | X67: Commands | Y67: =+X67 -> Commands | AB67: =DEC2HEX(AC67) -> 14 | AC67: =AC66+1 -> 20 | AD67: 0 | AE67: NOT USED | AF67: =DEC2HEX(AG67,4) -> 0862 | AG67: =+AG65+1 -> 2146 | AH67: =AH66+1 -> 2156 | AI67: =DEC2HEX(AH67,4) -> 086C | AJ67: 0
H68: 12 | N68: 12 | AB68: =DEC2HEX(AC68) -> 15 | AC68: =AC67+1 -> 21 | AD68: 7 | AE68: NOT USED | AH68: =AH67+1 -> 2157 | AI68: =DEC2HEX(AH68,4) -> 086D | AJ68: 15
H69: 13 | N69: 13 | X69: Commands | Y69: =+X69 -> Commands | AB69: =DEC2HEX(AC69) -> 16 | AC69: =AC68+1 -> 22 | AD69: 0 | AE69: NOT USED | AF69: =DEC2HEX(AG69,4) -> 0863 | AG69: =+AG67+1 -> 2147 | AH69: =AH68+1 -> 2158 | AI69: =DEC2HEX(AH69,4) -> 086E | AJ69: 0
H70: 14 | N70: 14 | AB70: =DEC2HEX(AC70) -> 17 | AC70: =AC69+1 -> 23 | AD70: 7 | AE70: NOT USED | AH70: =AH69+1 -> 2159 | AI70: =DEC2HEX(AH70,4) -> 086F | AJ70: 15
H71: 15 | N71: 15 | X71: Commands | Y71: =+X71 -> Commands | AB71: =DEC2HEX(AC71) -> 18 | AC71: =AC70+1 -> 24 | AD71: 0 | AE71: NOT USED | AF71: =DEC2HEX(AG71,4) -> 0864 | AG71: =+AG69+1 -> 2148 | AH71: =AH70+1 -> 2160 | AI71: =DEC2HEX(AH71,4) -> 0870 | AJ71: 0
B72: Pressure from Last Results (Test Data) | C72: LSW | D72: 24 | E72: =HEX2DEC(D72) -> 36 | F72: =DEC2HEX(G72,2) -> 28 | G72: =G64+1 -> 40 | H72: 0 | I72: Pressure Data from the Last Test Results Data must be moved in to the exchange zone by request set PLC output byte1-Bit7=1 to move data Example: 36 87 01 00 | LSB | MSB || 36 87 | 01 00|Byte & word swapped 00 01 87 36 hex 100150 dec as an integer and Multiply by 0.001 for decimal point 100.15 | J72: =DEC2HEX(K72,2) -> #NUM! | K72: =+K56+1 -> 1026 | L72: =L64+1 -> 1046 | M72: =DEC2HEX(L72,4) -> 0416 | N72: 0 | O72: =HEX2BIN(P72,8) -> 10010010 | P72: 92 | Q72: =CONCATENATE(P72,P80,P88,P96) -> 92040000 | R72: =CONCATENATE(P96,P88,P80,P72) -> 00000492 | S72: =MOD(HEX2DEC(Q72)+2^31,2^32)-2^31 -> -1845231616 | T72: =(MOD(HEX2DEC(R72)+2^31,2^32)-2^31) -> 1170 | U72: =S72*0.001 -> -1845231.6 | V72: =T72*0.001 -> 1.17 | AB72: =DEC2HEX(AC72) -> 19 | AC72: =AC71+1 -> 25 | AD72: 7 | AE72: NOT USED | AH72: =AH71+1 -> 2161 | AI72: =DEC2HEX(AH72,4) -> 0871 | AJ72: 15
H73: 1 | N73: 1 | X73: Commands | Y73: =+X73 -> Commands | AB73: =DEC2HEX(AC73) -> 1A | AC73: =AC72+1 -> 26 | AD73: 0 | AE73: NOT USED | AF73: =DEC2HEX(AG73,4) -> 0865 | AG73: =+AG71+1 -> 2149 | AH73: =AH72+1 -> 2162 | AI73: =DEC2HEX(AH73,4) -> 0872 | AJ73: 0
H74: 2 | N74: 2 | AB74: =DEC2HEX(AC74) -> 1B | AC74: =AC73+1 -> 27 | AD74: 7 | AE74: NOT USED | AH74: =AH73+1 -> 2163 | AI74: =DEC2HEX(AH74,4) -> 0873 | AJ74: 15
H75: 3 | N75: 3 | X75: Commands | Y75: =+X75 -> Commands | AB75: =DEC2HEX(AC75) -> 1C | AC75: =AC74+1 -> 28 | AD75: 0 | AE75: NOT USED | AF75: =DEC2HEX(AG75,4) -> 0866 | AG75: =+AG73+1 -> 2150 | AH75: =AH74+1 -> 2164 | AI75: =DEC2HEX(AH75,4) -> 0874 | AJ75: 0
H76: 4 | N76: 4 | AB76: =DEC2HEX(AC76) -> 1D | AC76: =AC75+1 -> 29 | AD76: 7 | AE76: NOT USED | AH76: =AH75+1 -> 2165 | AI76: =DEC2HEX(AH76,4) -> 0875 | AJ76: 15
H77: 5 | N77: 5 | X77: Commands | Y77: =+X77 -> Commands | AB77: =DEC2HEX(AC77) -> 1E | AC77: =AC76+1 -> 30 | AD77: 0 | AE77: NOT USED | AF77: =DEC2HEX(AG77,4) -> 0867 | AG77: =+AG75+1 -> 2151 | AH77: =AH76+1 -> 2166 | AI77: =DEC2HEX(AH77,4) -> 0876 | AJ77: 0
H78: 6 | N78: 6 | AB78: =DEC2HEX(AC78) -> 1F | AC78: =AC77+1 -> 31 | AD78: 7 | AE78: NOT USED | AH78: =AH77+1 -> 2167 | AI78: =DEC2HEX(AH78,4) -> 0877 | AJ78: 15
H79: 7 | N79: 7
F80: =DEC2HEX(G80,2) -> 29 | G80: =G72+1 -> 41 | H80: 8 | L80: =L72+1 -> 1047 | M80: =DEC2HEX(L80,4) -> 0417 | N80: 8 | O80: =HEX2BIN(P80,8) -> 00000100 | P80: 04
H81: 9 | N81: 9
H82: 10 | N82: 10
H83: 11 | N83: 11
H84: 12 | N84: 12
H85: 13 | N85: 13
H86: 14 | N86: 14
H87: 15 | N87: 15
C88: MSW | D88: 25 | E88: =HEX2DEC(D88) -> 37 | F88: =DEC2HEX(G88,2) -> 2A | G88: =G80+1 -> 42 | H88: 0 | J88: =DEC2HEX(K88,2) -> #NUM! | K88: =+K72+1 -> 1027 | L88: =L80+1 -> 1048 | M88: =DEC2HEX(L88,4) -> 0418 | N88: 0 | O88: =HEX2BIN(P88,8) -> 00000000 | P88: 00
H89: 1 | N89: 1
H90: 2 | N90: 2
H91: 3 | N91: 3
H92: 4 | N92: 4
H93: 5 | N93: 5
H94: 6 | N94: 6
H95: 7 | N95: 7
F96: =DEC2HEX(G96,2) -> 2B | G96: =G88+1 -> 43 | H96: 8 | L96: =L88+1 -> 1049 | M96: =DEC2HEX(L96,4) -> 0419 | N96: 8 | O96: =HEX2BIN(P96,8) -> 00000000 | P96: 00
H97: 9 | N97: 9
H98: 10 | N98: 10
H99: 11 | N99: 11
H100: 12 | N100: 12
H101: 13 | N101: 13
...

Sheet Read Parameters
D2: ATEQ Addresses | I2: PLC INPUT | Z2: ATEQ Address | AE2: PLC OUTPUT | AK2: ENTER Binary Value ONLY in GREEN AREAS | AL2: ENTER HEX Value ONLY in GREEN AREAS | AM2: HEX CMD | AN2: HEX CMD Word Swap | AO2: DEC CMD Word | AP2: DEC CMD Word Swap | AQ2: Actual Data Dec | AR2: Actual Data Swap Dec | AS2: Cycle Step | AY2: Select Prog = P.[step]
D3: Word | F3: Byte | J3: PLC Word INT | P3: Enter Value HEX | Q3: Word HEX | R3: HEX Swap | S3: DEC | T3: Swap DEC | U3: Act Data | V3: Act Data Swap | Z3: Word | AB3: Byte | AF3: PLC Word INT | AH3: BYTE
D4: Hex | E4: Dec | F4: Hex | G4: Dec | H4: Bits | I4: Description | J4: Hex | K4: Dec | L4: DEC | M4: HEX | N4: Bits | Z4: Hex | AA4: Dec | AB4: Hex | AC4: Dec | AD4: Bits | AE4: ATEQ Commands | AF4: Hex | AG4: Dec | AH4: DEC | AI4: HEX | AJ4: Bits | AT4: Chapter 21 page 217/286 in NetworksO manual
D5: Go To LIVE Real Time Control Tab ATEQ Address 00 to 1F | X5: Commands | Y5: =+X5 -> Commands | AB5: =DEC2HEX(AC5) -> 0 | AC5: 0 | AD5: 0 | AE5: Reset (stop the current cycle) | AF5: =DEC2HEX(AG5,4) -> 0858 | AG5: ='LIVE Real Time Control'!AG5 -> 2136 | AH5: =AG5 -> 2136 | AI5: =DEC2HEX(AH5,4) -> 0858 | AJ5: 0 | AK5: 0 | AL5: =BIN2HEX(CONCATENATE(AK12,AK11,AK10,AK9,AK8,AK7,AK6,AK5)) -> 20 | AM5: =CONCATENATE(AL5,AL13) -> 200 | AN5: =CONCATENATE(AL13,AL5) -> 020 | AO5: =MOD(HEX2DEC(AM5)+2^15,2^16)-2^15 -> 512 | AP5: =MOD(HEX2DEC(AN5)+2^15,2^16)-2^15 -> 32 | AR5: 1 | AS5: 2 | AT5: 2.1.4 PDF Page 223/286 | AU5: Rising edge clears Alarms & Pass/Fail Bits or stops the current cycle
AD6: 1 | AE6: Start (Test or Special cycle) | AJ6: 1 | AK6: 0 | AR6: =AR5*10 -> 10 | AS6: 4 | AT6: 2.1.3 PDF Page 222/286 | AU6: Load Program or Special cycle first then set to 1 rising edge to start
AD7: 2 | AE7: Load Special Cycle code selected at address 8 & 9 | AJ7: 2 | AK7: 0 | AR7: =AR6*10 -> 100 | AT7: 2.1.5 PDF Page 224/286 | AU7: Set Special Cycle code # at 08-09h first then set byte0-Bit2 =1 to load. See chart 1.2 in manual for special cycle options of the unit type used
A8: Read Parameters & Settings Read Parameters & Settings Read Parameters & Settings Read Parameters & Settings Read Parameters & Settings Read Parameters & Settings Read Parameters & Settings | B8: Parameter I.D. Requested | C8: Parameter I.D. Requested | D8: =DEC2HEX(E8) -> 20 | E8: 32 | F8: =DEC2HEX(G8,2) -> 20 | G8: ='LIVE Real Time Control'!G239+1 -> 32 | H8: 0 | I8: 2 byte BCD of the Parameter I.D. requested in the output word exchange zone e.g. 01 00 is the I.D. for the Fill Time the value is in the next two words | J8: =DEC2HEX(K8,2) -> #NUM! | K8: ='LIVE Real Time Control'!K231+1 -> 1022 | L8: ='LIVE Real Time Control'!L247 -> 1038 | M8: =DEC2HEX(L8,4) -> 040E | N8: 0 | O8: =HEX2BIN(P8,8) -> 00111100 | P8: 3c | Q8: =CONCATENATE(P8,P16) -> 3c00 | R8: =CONCATENATE(P16,P8) -> 003c | S8: =MOD(HEX2DEC(Q8)+2^15,2^16)-2^15 -> 15360 | T8: =MOD(HEX2DEC(R8)+2^15,2^16)-2^15 -> 60 | U8: Depends on Parameter Requested in the output word exchange see ATEQ NetworksO manual PDF page 226 & 247/286 | AD8: 3 | AE8: Load Program # selection from 06-07h | AJ8: 3 | AK8: 0 | AR8: =AR7*10 -> 1000 | AS8: 1 | AT8: 2.1.2 PDF Page 221/286 | AU8: Set Program # at 06-07h first then set Byte0-Bit3 =1 to load program # (ATEQ screen is +1, e.g. 06h = 01h (01 = program #2 on ATEQ screen) | AY8: P.2
H9: 1 | N9: 1 | AD9: 4 | AE9: Read the FIFO cycles results | AJ9: 4 | AK9: 0 | AR9: =AR8*10 -> 10000
H10: 2 | N10: 2 | AD10: 5 | AE10: Read of the parameters | AJ10: 5 | AK10: 1 | AR10: =AR9*10 -> 100000 | AS10: 6 | AT10: 2.2 PDF Page 226/286 | AU10: Moves the test parameters in the exchange zone at address 20h see "Read Parameters" Excel tab
H11: 3 | N11: 3 | AD11: 6 | AE11: Write of the parameters | AJ11: 6 | AK11: 0 | AR11: =AR10*10 -> 1000000
H12: 4 | N12: 4 | AD12: 7 | AE12: Reset of the results in FIFO | AJ12: 7 | AK12: 0 | AR12: =AR11*10 -> 10000000 | AS12: 3 | AT12: 2.5 PDF Page 229/286 | AU12: Clears FIFO to ensure the data moved into the last results is from the last cycle
H13: 5 | N13: 5 | Y13: =+X5 -> Commands | AB13: =DEC2HEX(AC13) -> 1 | AC13: =AC5+1 -> 1 | AD13: 0 | AE13: Read of the instrument configuration | AH13: =AH5+1 -> 2137 | AI13: =DEC2HEX(AH13,4) -> 0859 | AJ13: 8 | AK13: 0 | AL13: =BIN2HEX(CONCATENATE(AK20,AK19,AK18,AK17,AK16,AK15,AK14,AK13)) -> 0 | AR13: 1
H14: 6 | N14: 6 | AD14: 1 | AE14: Read of the general bits. | AJ14: 9 | AK14: 0 | AR14: =AR13*10 -> 10
H15: 7 | N15: 7 | AD15: 2 | AE15: Read of the normal bits. | AJ15: 10 | AK15: 0 | AR15: =AR14*10 -> 100
F16: =DEC2HEX(G16,2) -> 21 | G16: =G8+1 -> 33 | H16: 0 | L16: =L8+1 -> 1039 | M16: =DEC2HEX(L16,4) -> 040F | N16: 8 | O16: =HEX2BIN(P16,8) -> 00000000 | P16: 00 | AD16: 3 | AE16: Write of the general bits. | AJ16: 11 | AK16: 0 | AR16: =AR15*10 -> 1000
H17: 1 | N17: 9 | AD17: 4 | AE17: Write of the normal bits. | AJ17: 12 | AK17: 0 | AR17: =AR16*10 -> 10000
H18: 2 | N18: 10 | AD18: 5 | AE18: Read of the program personalisation | AJ18: 13 | AK18: 0 | AR18: =AR17*10 -> 100000
H19: 3 | N19: 11 | AD19: 6 | AE19: Write of the program personalisation. | AJ19: 14 | AK19: 0 | AR19: =AR18*10 -> 1000000
H20: 4 | N20: 12 | AD20: 7 | AE20: Load Last result pressure and leak data to address 20h | AJ20: 15 | AK20: 0 | AR20: =AR19*10 -> 10000000 | AS20: 5 | AT20: 2.4 PDF Page 228/286 | AU20: Move the Last Results to the exchange zone at address 20h see "Last Results" Excel tab
H21: 5 | N21: 13 | X21: Commands | Y21: =+X21 -> Commands | AB21: =DEC2HEX(AC21) -> 2 | AC21: =AC13+1 -> 2 | AD21: 0 | AE21: NOT USED | AF21: =DEC2HEX(AG21,4) -> 0859 | AG21: =+AG5+1 -> 2137 | AH21: =AH13+1 -> 2138 | AI21: =DEC2HEX(AH21,4) -> 085A | AJ21: 0
H22: 6 | N22: 14 | AB22: =DEC2HEX(AC22) -> 3 | AC22: =AC21+1 -> 3 | AD22: 15 | AE22: NOT USED | AH22: =AH21+1 -> 2139 | AI22: =DEC2HEX(AH22,4) -> 085B | AJ22: 15
H23: 7 | N23: 15 | X23: Commands | Y23: =+X23 -> Commands | AB23: =DEC2HEX(AC23) -> 4 | AC23: =AC22+1 -> 4 | AD23: 0 | AE23: NOT Typically USED Select ATEQ "Head" to send commands Only if multiple heads are connected together via RS485 with an ATEQ C540 central controller Address 04h: Number of the targeted module (C540) selection of the head connected to the C540 central. Address 05h = 0 | AF23: =DEC2HEX(AG23,4) -> 085A | AG23: =+AG21+1 -> 2138 | AH23: =AH22+1 -> 2140 | AI23: =DEC2HEX(AH23,4) -> 085C | AJ23: 0
B24: Parameter Data for I.D. in previous word | C24: Word 1 | D24: =DEC2HEX(E24) -> 21 | E24: =E8+1 -> 33 | F24: =DEC2HEX(G24,2) -> 22 | G24: =G16+1 -> 34 | H24: 0 | I24: Value of Parameter of I.D. requested in the output word exchange zone e.g. I.D. 01 is Fill time D0 07 00 00 swapped multiplied by *0.001 = 2.00 seconds | J24: =DEC2HEX(K24,2) -> #NUM! | K24: =+K8+1 -> 1023 | L24: =L16+1 -> 1040 | M24: =DEC2HEX(L24,4) -> 0410 | N24: 0 | O24: =HEX2BIN(P24,8) -> 01110000 | P24: 70 | Q24: =CONCATENATE(P24,P32,P40,P48) -> 70170000 | R24: =CONCATENATE(P48,P40,P32,P24) -> 00001770 | S24: =MOD(HEX2DEC(Q24)+2^31,2^32)-2^31 -> 1880555520 | T24: =(MOD(HEX2DEC(R24)+2^31,2^32)-2^31) -> 6000 | U24: =S24*0.001 -> 1880555.5 | V24: =T24*0.001 -> 6 | AB24: =DEC2HEX(AC24) -> 5 | AC24: =AC23+1 -> 5 | AD24: 15 | AH24: =AH23+1 -> 2141 | AI24: =DEC2HEX(AH24,4) -> 085D | AJ24: 15
H25: 1 | N25: 1 | X25: Commands | Y25: =Y33 -> Program to be Loaded | AB25: =DEC2HEX(AC25) -> 6 | AC25: =AC24+1 -> 6 | AD25: 0 | AE25: 2 byte BCD of program # PLC is requesting to be loaded when Address 0h-Bit3 is set to 1 OR Program Number to Read Pramaters from ATEQ screen will be -1 (ATEQ Program #1 = 0, ATEQ Program #11 = 10 dec (000A) Must Validate byte swap may be 0A00(ATEQ screen is +1, e.g. 06h = 01h (01 = program #2 on ATEQ screen)Address 06h: Number of the program to be selected. Address 07h =0 | AF25: =DEC2HEX(AG25,4) -> 085B | AG25: =+AG23+1 -> 2139 | AH25: =AH24+1 -> 2142 | AI25: =DEC2HEX(AH25,4) -> 085E | AJ25: 0 | AK25: =HEX2BIN(AL25,8) -> 00001010 | AL25: =RIGHT(DEC2HEX(AP25,4),2) -> 0A | AM25: =CONCATENATE(AL25,AL33) -> 0A00 | AN25: =CONCATENATE(AL33,AL25) -> 000A | AO25: =MOD(HEX2DEC(AM25)+2^15,2^16)-2^15 -> 2560 | AP25: =AR25-1 -> 10 | AQ25: =AO25+1 -> 2561 | AR25: 11 | AS25: Enter ATEQ Program #
H26: 2 | N26: 2 | AD26: 1 | AJ26: 1
H27: 3 | N27: 3 | AD27: 2 | AJ27: 2
H28: 4 | N28: 4 | AD28: 3 | AJ28: 3
H29: 5 | N29: 5 | AD29: 4 | AJ29: 4
H30: 6 | N30: 6 | AD30: 5 | AJ30: 5
H31: 7 | N31: 7 | AD31: 6 | AJ31: 6
F32: =DEC2HEX(G32,2) -> 23 | G32: =G24+1 -> 35 | H32: 0 | L32: =L24+1 -> 1041 | M32: =DEC2HEX(L32,4) -> 0411 | N32: 8 | O32: =HEX2BIN(P32,8) -> 00010111 | P32: 17 | AD32: 7 | AJ32: 7
H33: 1 | N33: 9 | Y33: Program to be Loaded | AB33: =DEC2HEX(AC33) -> 7 | AC33: =AC25+1 -> 7 | AD33: 0 | AH33: =AH25+1 -> 2143 | AI33: =DEC2HEX(AH33,4) -> 085F | AJ33: 8 | AK33: =HEX2BIN(AL33,8) -> 00000000 | AL33: =LEFT(DEC2HEX(AP25,4),2) -> 00
H34: 2 | N34: 10 | AD34: 1 | AJ34: 9
H35: 3 | N35: 11 | AD35: 2 | AJ35: 10
H36: 4 | N36: 12 | AD36: 3 | AJ36: 11
H37: 5 | N37: 13 | AD37: 4 | AJ37: 12
H38: 6 | N38: 14 | AD38: 5 | AJ38: 13
H39: 7 | N39: 15 | AD39: 6 | AJ39: 14
C40: Word 2 | D40: =DEC2HEX(E40) -> 22 | E40: =E24+1 -> 34 | F40: =DEC2HEX(G40,2) -> 24 | G40: =G32+1 -> 36 | H40: 0 | J40: =DEC2HEX(K40,2) -> #NUM! | K40: =+K24+1 -> 1024 | L40: =L32+1 -> 1042 | M40: =DEC2HEX(L40,4) -> 0412 | N40: 0 | O40: =HEX2BIN(P40,8) -> 00000000 | P40: 00 | AD40: 7 | AJ40: 15
H41: 1 | N41: 1 | X41: Commands | Y41: =Y42 -> 0 | AB41: =DEC2HEX(AC41) -> 8 | AC41: =AC33+1 -> 8 | AD41: 0-7 | AE41: 2 byte BCD code of the "Special Cycle" the PLC is requesting to be loaded when Address 0h-Bit2 is set to 1 "Piezo Auto Zero" = 00 07 "Infinite Fill" = 00 11 Code will depend on model of ATEQ F, MF, D etc. Must validate if data is swapped See SPE Cycle tab for other codes | AF41: =DEC2HEX(AG41,4) -> 085C | AG41: =+AG25+1 -> 2140 | AH41: =AH33+1 -> 2144 | AI41: =DEC2HEX(AH41,4) -> 0860 | AJ41: 0-7
H42: 2 | N42: 2 | AB42: =DEC2HEX(AC42) -> 9 | AC42: =AC41+1 -> 9 | AD42: 0-7 | AH42: =AH41+1 -> 2145 | AI42: =DEC2HEX(AH42,4) -> 0861 | AJ42: 8-15
H43: 3 | N43: 3 | X43: Commands | Y43: =Y44 -> 0 | AB43: =DEC2HEX(AC43) -> A | AC43: =AC42+1 -> 10 | AD43: 0 | AE43: 2 byte BCD code of the "Test Type" the PLC is requesting to be Created if PLC is making new programs Code will depend on model of ATEQ F, MF, D etc. | AF43: =DEC2HEX(AG43,4) -> 085D | AG43: =+AG41+1 -> 2141 | AH43: =AH42+1 -> 2146 | AI43: =DEC2HEX(AH43,4) -> 0862 | AJ43: 0
H44: 4 | N44: 4 | AB44: =DEC2HEX(AC44) -> B | AC44: =AC43+1 -> 11 | AD44: 7 | AH44: =AH43+1 -> 2147 | AI44: =DEC2HEX(AH44,4) -> 0863 | AJ44: 15
H45: 5 | N45: 5 | X45: Commands | Y45: =+X45 -> Commands | AB45: =DEC2HEX(AC45) -> C | AC45: =AC44+1 -> 12 | AD45: 0 | AE45: NOT USED | AF45: =DEC2HEX(AG45,4) -> 085E | AG45: =+AG43+1 -> 2142 | AH45: =AH44+1 -> 2148 | AI45: =DEC2HEX(AH45,4) -> 0864 | AJ45: 0
H46: 6 | N46: 6 | AB46: =DEC2HEX(AC46) -> D | AC46: =AC45+1 -> 13 | AD46: 7 | AE46: NOT USED | AH46: =AH45+1 -> 2149 | AI46: =DEC2HEX(AH46,4) -> 0865 | AJ46: 15
H47: 7 | N47: 7 | X47: Commands | Y47: =+X47 -> Commands | AB47: =DEC2HEX(AC47) -> E | AC47: =AC46+1 -> 14 | AD47: 0 | AE47: NOT USED | AF47: =DEC2HEX(AG47,4) -> 085F | AG47: =+AG45+1 -> 2143 | AH47: =AH46+1 -> 2150 | AI47: =DEC2HEX(AH47,4) -> 0866 | AJ47: 0
F48: =DEC2HEX(G48,2) -> 25 | G48: =G40+1 -> 37 | H48: 0 | L48: =L40+1 -> 1043 | M48: =DEC2HEX(L48,4) -> 0413 | N48: 8 | O48: =HEX2BIN(P48,8) -> 00000000 | P48: 00 | AB48: =DEC2HEX(AC48) -> F | AC48: =AC47+1 -> 15 | AD48: 7 | AE48: NOT USED | AH48: =AH47+1 -> 2151 | AI48: =DEC2HEX(AH48,4) -> 0867 | AJ48: 15
H49: 1 | N49: 9 | X49: Commands | Y49: =+X49 -> Commands | AB49: =DEC2HEX(AC49) -> 10 | AC49: =AC48+1 -> 16 | AD49: 0 | AE49: NOT USED | AF49: =DEC2HEX(AG49,4) -> 0860 | AG49: =+AG47+1 -> 2144 | AH49: =AH48+1 -> 2152 | AI49: =DEC2HEX(AH49,4) -> 0868 | AJ49: 0
H50: 2 | N50: 10 | AB50: =DEC2HEX(AC50) -> 11 | AC50: =AC49+1 -> 17 | AD50: 7 | AE50: NOT USED | AH50: =AH49+1 -> 2153 | AI50: =DEC2HEX(AH50,4) -> 0869 | AJ50: 15
H51: 3 | N51: 11 | X51: Commands | Y51: =+X51 -> Commands | AB51: =DEC2HEX(AC51) -> 12 | AC51: =AC50+1 -> 18 | AD51: 0 | AE51: NOT USED | AF51: =DEC2HEX(AG51,4) -> 0861 | AG51: =+AG49+1 -> 2145 | AH51: =AH50+1 -> 2154 | AI51: =DEC2HEX(AH51,4) -> 086A | AJ51: 0
H52: 4 | N52: 12 | AB52: =DEC2HEX(AC52) -> 13 | AC52: =AC51+1 -> 19 | AD52: 7 | AE52: NOT USED | AH52: =AH51+1 -> 2155 | AI52: =DEC2HEX(AH52,4) -> 086B | AJ52: 15
H53: 5 | N53: 13 | X53: Commands | Y53: =+X53 -> Commands | AB53: =DEC2HEX(AC53) -> 14 | AC53: =AC52+1 -> 20 | AD53: 0 | AE53: NOT USED | AF53: =DEC2HEX(AG53,4) -> 0862 | AG53: =+AG51+1 -> 2146 | AH53: =AH52+1 -> 2156 | AI53: =DEC2HEX(AH53,4) -> 086C | AJ53: 0
H54: 6 | N54: 14 | AB54: =DEC2HEX(AC54) -> 15 | AC54: =AC53+1 -> 21 | AD54: 7 | AE54: NOT USED | AH54: =AH53+1 -> 2157 | AI54: =DEC2HEX(AH54,4) -> 086D | AJ54: 15
H55: 7 | N55: 15 | X55: Commands | Y55: =+X55 -> Commands | AB55: =DEC2HEX(AC55) -> 16 | AC55: =AC54+1 -> 22 | AD55: 0 | AE55: NOT USED | AF55: =DEC2HEX(AG55,4) -> 0863 | AG55: =+AG53+1 -> 2147 | AH55: =AH54+1 -> 2158 | AI55: =DEC2HEX(AH55,4) -> 086E | AJ55: 0
B56: Parameter I.D. Requested | C56: Parameter I.D. Requested | D56: =DEC2HEX(E56) -> 23 | E56: =E40+1 -> 35 | F56: =DEC2HEX(G56) -> 26 | G56: =G48+1 -> 38 | H56: 0 | I56: 2 byte BCD of the Parameter I.D. requested in the output word exchange zone e.g. 02 00 is the I.D. for the Stabilization Time the value is in the next two words | J56: =DEC2HEX(K56,2) -> #NUM! | K56: =K40+1 -> 1025 | L56: =L48+1 -> 1044 | M56: =DEC2HEX(L56,4) -> 0414 | N56: 0 | O56: =HEX2BIN(P56,8) -> 00000010 | P56: 02 | Q56: =CONCATENATE(P56,P64) -> 0200 | R56: =CONCATENATE(P64,P56) -> 0002 | S56: =MOD(HEX2DEC(Q56)+2^15,2^16)-2^15 -> 512 | T56: =MOD(HEX2DEC(R56)+2^15,2^16)-2^15 -> 2 | U56: Depends on Parameter Requested in the output word exchange see ATEQ NetworksO manual PDF page 226 & 247/286 | AB56: =DEC2HEX(AC56) -> 17 | AC56: =AC55+1 -> 23 | AD56: 7 | AE56: NOT USED | AH56: =AH55+1 -> 2159 | AI56: =DEC2HEX(AH56,4) -> 086F | AJ56: 15
H57: 1 | N57: 1 | X57: Commands | Y57: =+X57 -> Commands | AB57: =DEC2HEX(AC57) -> 18 | AC57: =AC56+1 -> 24 | AD57: 0 | AE57: NOT USED | AF57: =DEC2HEX(AG57,4) -> 0864 | AG57: =+AG55+1 -> 2148 | AH57: =AH56+1 -> 2160 | AI57: =DEC2HEX(AH57,4) -> 0870 | AJ57: 0
H58: 2 | N58: 2 | AB58: =DEC2HEX(AC58) -> 19 | AC58: =AC57+1 -> 25 | AD58: 7 | AE58: NOT USED | AH58: =AH57+1 -> 2161 | AI58: =DEC2HEX(AH58,4) -> 0871 | AJ58: 15
H59: 3 | N59: 3 | X59: Commands | Y59: =+X59 -> Commands | AB59: =DEC2HEX(AC59) -> 1A | AC59: =AC58+1 -> 26 | AD59: 0 | AE59: NOT USED | AF59: =DEC2HEX(AG59,4) -> 0865 | AG59: =+AG57+1 -> 2149 | AH59: =AH58+1 -> 2162 | AI59: =DEC2HEX(AH59,4) -> 0872 | AJ59: 0
H60: 4 | N60: 4 | AB60: =DEC2HEX(AC60) -> 1B | AC60: =AC59+1 -> 27 | AD60: 7 | AE60: NOT USED | AH60: =AH59+1 -> 2163 | AI60: =DEC2HEX(AH60,4) -> 0873 | AJ60: 15
H61: 5 | N61: 5 | X61: Commands | Y61: =+X61 -> Commands | AB61: =DEC2HEX(AC61) -> 1C | AC61: =AC60+1 -> 28 | AD61: 0 | AE61: NOT USED | AF61: =DEC2HEX(AG61,4) -> 0866 | AG61: =+AG59+1 -> 2150 | AH61: =AH60+1 -> 2164 | AI61: =DEC2HEX(AH61,4) -> 0874 | AJ61: 0
H62: 6 | N62: 6 | AB62: =DEC2HEX(AC62) -> 1D | AC62: =AC61+1 -> 29 | AD62: 7 | AE62: NOT USED | AH62: =AH61+1 -> 2165 | AI62: =DEC2HEX(AH62,4) -> 0875 | AJ62: 15
H63: 7 | N63: 7 | X63: Commands | Y63: =+X63 -> Commands | AB63: =DEC2HEX(AC63) -> 1E | AC63: =AC62+1 -> 30 | AD63: 0 | AE63: NOT USED | AF63: =DEC2HEX(AG63,4) -> 0867 | AG63: =+AG61+1 -> 2151 | AH63: =AH62+1 -> 2166 | AI63: =DEC2HEX(AH63,4) -> 0876 | AJ63: 0
F64: =DEC2HEX(G64) -> 27 | G64: =G56+1 -> 39 | H64: 0 | L64: =L56+1 -> 1045 | M64: =DEC2HEX(L64,4) -> 0415 | N64: 8 | O64: =HEX2BIN(P64,8) -> 00000000 | P64: 00 | AB64: =DEC2HEX(AC64) -> 1F | AC64: =AC63+1 -> 31 | AD64: 7 | AE64: NOT USED | AH64: =AH63+1 -> 2167 | AI64: =DEC2HEX(AH64,4) -> 0877 | AJ64: 15
H65: 1 | N65: 9 | X65: Commands | Y65: How many Parameter I.D's being requested | Z65: =DEC2HEX(AA65) -> 20 | AA65: 32 | AB65: =DEC2HEX(AC65) -> 20 | AC65: =AC64+1 -> 32 | AD65: 0 | AE65: 2 byte BCD of the number of Parameters to Read Must Validate byte swap may be e.g. 0B 00 to read 11 parameters | AF65: =DEC2HEX(AG65,4) -> 0868 | AG65: =+AG63+1 -> 2152 | AH65: =AH64+1 -> 2168 | AI65: =DEC2HEX(AH65,4) -> 0878 | AJ65: 0 | AK65: =HEX2BIN(AL65,8) -> 00000000 | AL65: =RIGHT(DEC2HEX(AR65,4),2) -> 00 | AM65: =CONCATENATE(AL65,AL73) -> 0002 | AN65: =CONCATENATE(AL73,AL65) -> 0200 | AO65: =MOD(HEX2DEC(AM65)+2^15,2^16)-2^15 -> 2 | AP65: Output word exchange for Requesting Parameters. see ATEQ NetworksO manual PDF page 226/286 | AR65: 512 | AS65: Enter How many Parameters that are being requested
H66: 2 | N66: 10 | AD66: 1 | AJ66: 1
H67: 3 | N67: 11 | AD67: 2 | AJ67: 2
H68: 4 | N68: 12 | AD68: 3 | AJ68: 3
H69: 5 | N69: 13 | AD69: 4 | AJ69: 4
H70: 6 | N70: 14 | AD70: 5 | AJ70: 5
H71: 7 | N71: 15 | AD71: 6 | AJ71: 6
B72: Parameter Data for I.D. in previous word | C72: Word 1 | D72: =DEC2HEX(E72) -> 24 | E72: =E56+1 -> 36 | F72: =DEC2HEX(G72,2) -> 28 | G72: =G64+1 -> 40 | H72: 0 | I72: Value of Parameter of I.D. requested in the output word exchange zone e.g. I.D. 01 is Fill time 88 13 00 00 swapped multiplied by *0.001 = 5.00 seconds | J72: =DEC2HEX(K72,2) -> #NUM! | K72: =+K56+1 -> 1026 | L72: =L64+1 -> 1046 | M72: =DEC2HEX(L72,4) -> 0416 | N72: 0 | O72: =HEX2BIN(P72,8) -> 01000000 | P72: 40 | Q72: =CONCATENATE(P72,P80,P88,P96) -> 401F0000 | R72: =CONCATENATE(P96,P88,P80,P72) -> 00001F40 | S72: =MOD(HEX2DEC(Q72)+2^31,2^32)-2^31 -> 1075773440 | T72: =(MOD(HEX2DEC(R72)+2^31,2^32)-2^31) -> 8000 | U72: =S72*0.001 -> 1075773.4 | V72: =T72*0.001 -> 8 | AD72: 7 | AJ72: 7
H73: 1 | N73: 1 | AB73: =DEC2HEX(AC73) -> 21 | AC73: =AC65+1 -> 33 | AD73: 0 | AH73: =AH65+1 -> 2169 | AI73: =DEC2HEX(AH73,4) -> 0879 | AJ73: 8 | AK73: =HEX2BIN(AL73,8) -> 00000010 | AL73: =LEFT(DEC2HEX(AR65,4),2) -> 02
H74: 2 | N74: 2 | AD74: 1 | AJ74: 9
H75: 3 | N75: 3 | AD75: 2 | AJ75: 10
H76: 4 | N76: 4 | AD76: 3 | AJ76: 11
H77: 5 | N77: 5 | AD77: 4 | AJ77: 12
H78: 6 | N78: 6 | AD78: 5 | AJ78: 13
H79: 7 | N79: 7 | AD79: 6 | AJ79: 14
F80: =DEC2HEX(G80,2) -> 29 | G80: =G72+1 -> 41 | H80: 0 | L80: =L72+1 -> 1047 | M80: =DEC2HEX(L80,4) -> 0417 | N80: 8 | O80: =HEX2BIN(P80,8) -> 00011111 | P80: 1F | AD80: 7 | AJ80: 15
H81: 1 | N81: 9 | X81: Commands | Y81: 1st Parameter I.D. | Z81: =DEC2HEX(AA81) -> 21 | AA81: =AA65+1 -> 33 | AB81: =DEC2HEX(AC81) -> 22 | AC81: =AC73+1 -> 34 | AD81: 0 | AE81: 2 byte BCD of the Parameter Identifier Must Validate byte swap may be e.g. 01 00= to Fill Time see Excel Tab PARAM ID | AF81: =DEC2HEX(AG81,4) -> 0869 | AG81: =+AG65+1 -> 2153 | AH81: =AH73+1 -> 2170 | AI81: =DEC2HEX(AH81,4) -> 087A | AJ81: 0 | AK81: =HEX2BIN(AL81,8) -> 00000000 | AL81: =RIGHT(DEC2HEX(AR81,4),2) -> 00 | AM81: =CONCATENATE(AL81,AL89) -> 003C | AN81: =CONCATENATE(AL89,AL81) -> 3C00 | AO81: =MOD(HEX2DEC(AM81)+2^15,2^16)-2^15 -> 60 | AP81: Output word exchange for Parameter I.D. see ATEQ NetworksO manual PDF page 247/286 | AR81: 15360 | AS81: Enter Parameter I.D. of request
H82: 2 | N82: 10 | AD82: 1 | AJ82: 1
H83: 3 | N83: 11 | AD83: 2 | AJ83: 2
H84: 4 | N84: 12 | AD84: 3 | AJ84: 3
H85: 5 | N85: 13 | AD85: 4 | AJ85: 4
H86: 6 | N86: 14 | AD86: 5 | AJ86: 5
H87: 7 | N87: 15 | AD87: 6 | AJ87: 6
C88: Word 2 | D88: =DEC2HEX(E88) -> 25 | E88: =E72+1 -> 37 | F88: =DEC2HEX(G88,2) -> 2A | G88: =G80+1 -> 42 | H88: 0 | J88: =DEC2HEX(K88,2) -> #NUM! | K88: =+K72+1 -> 1027 | L88: =L80+1 -> 1048 | M88: =DEC2HEX(L88,4) -> 0418 | N88: 0 | O88: =HEX2BIN(P88,8) -> 00000000 | P88: 00 | AD88: 7 | AJ88: 7
H89: 1 | N89: 1 | AB89: =DEC2HEX(AC89) -> 23 | AC89: =AC81+1 -> 35 | AD89: 0 | AH89: =AH81+1 -> 2171 | AI89: =DEC2HEX(AH89,4) -> 087B | AJ89: 8 | AK89: =HEX2BIN(AL89,8) -> 00111100 | AL89: =LEFT(DEC2HEX(AR81,4),2) -> 3C
H90: 2 | N90: 2 | AD90: 1 | AJ90: 9
H91: 3 | N91: 3 | AD91: 2 | AJ91: 10
H92: 4 | N92: 4 | AD92: 3 | AJ92: 11
H93: 5 | N93: 5 | AD93: 4 | AJ93: 12
H94: 6 | N94: 6 | AD94: 5 | AJ94: 13
H95: 7 | N95: 7 | AD95: 6 | AJ95: 14
F96: =DEC2HEX(G96,2) -> 2B | G96: =G88+1 -> 43 | H96: 0 | L96: =L88+1 -> 1049 | M96: =DEC2HEX(L96,4) -> 0419 | N96: 8 | O96: =HEX2BIN(P96,8) -> 00000000 | P96: 00 | AD96: 7 | AJ96: 15
H97: 1 | N97: 9 | X97: Commands | Y97: 2nd Parameter I.D. | Z97: =DEC2HEX(AA97) -> 22 | AA97: =AA81+1 -> 34 | AB97: =DEC2HEX(AC97) -> 24 | AC97: =AC89+1 -> 36 | AD97: 0 | AE97: 2 byte BCD of the Parameter Identifier Must Validate byte swap may be e.g. 02 00= to Stab Time see Excel Tab PARAM ID | AF97: =DEC2HEX(AG97,4) -> 086A | AG97: =+AG81+1 -> 2154 | AH97: =AH89+1 -> 2172 | AI97: =DEC2HEX(AH97,4) -> 087C | AJ97: 0 | AK97: =HEX2BIN(AL97,8) -> 00000000 | AL97: =RIGHT(DEC2HEX(AR97,4),2) -> 00 | AM97: =CONCATENATE(AL97,AL105) -> 003E | AN97: =CONCATENATE(AL105,AL97) -> 3E00 | AO97: =MOD(HEX2DEC(AM97)+2^15,2^16)-2^15 -> 62 | AP97: Output word exchange for Parameter I.D. see ATEQ NetworksO manual PDF page 247/286 | AR97: 15872 | AS97: Enter Parameter I.D. of request
H98: 2 | N98: 10 | AD98: 1 | AJ98: 1
H99: 3 | N99: 11 | AD99: 2 | AJ99: 2
H100: 4 | N100: 12 | AD100: 3 | AJ100: 3
H101: 5 | N101: 13 | AD101: 4 | AJ101: 4
...

Sheet Write Parameters 
D2: ATEQ Addresses | I2: PLC INPUT | Z2: ATEQ Address | AE2: PLC OUTPUT | AK2: ENTER Binary Value ONLY in GREEN AREAS | AL2: ENTER HEX Value ONLY in GREEN AREAS | AM2: HEX CMD | AN2: HEX CMD Word Swap | AO2: DEC CMD Word | AP2: DEC CMD Word Swap | AQ2: Actual Data Dec | AR2: Actual Data Dec swaped
D3: Word | F3: Byte | J3: PLC Word INT | P3: Enter Value HEX | Q3: Word HEX | R3: HEX Swap | S3: DEC | T3: Swap DEC | U3: Act Data | V3: Act Data Swap | Z3: Word | AB3: Byte | AF3: PLC Word INT | AH3: BYTE
D4: Hex | E4: Dec | F4: Hex | G4: Dec | H4: Bits | I4: Description | J4: Hex | K4: Dec | L4: DEC | M4: HEX | N4: Bits | Z4: Hex | AA4: Dec | AB4: Hex | AC4: Dec | AD4: Bits | AE4: ATEQ Commands | AF4: Hex | AG4: Dec | AH4: DEC | AI4: HEX | AJ4: Bits
A5: Real Time Measurements Real Time Measurements Real Time Measurements Real Time Measurements | B5: Echo Signals | C5: Echo Signals | F5: 00 | G5: =HEX2DEC(F5) -> 0 | H5: 0 | I5: Echo reset | J5: =DEC2HEX(K5,4) -> 03EE | K5: ='LIVE Real Time Control'!K5 -> 1006 | L5: =K5 -> 1006 | M5: =DEC2HEX(L5,4) -> 03EE | N5: 0 | O5: Read Parameters and Settings at A79 | X5: Commands | Y5: =+X5 -> Commands | AB5: =DEC2HEX(AC5) -> 0 | AC5: 0 | AD5: 0 | AE5: Reset (stop the current cycle) | AF5: =DEC2HEX(AG5,4) -> 0858 | AG5: ='LIVE Real Time Control'!AG5 -> 2136 | AH5: =AG5 -> 2136 | AI5: =DEC2HEX(AH5,4) -> 0858 | AJ5: 0 | AK5: 0 | AL5: =BIN2HEX(CONCATENATE(AK12,AK11,AK10,AK9,AK8,AK7,AK6,AK5)) -> 40 | AM5: =CONCATENATE(AL5,AL13) -> 400 | AN5: =CONCATENATE(AL13,AL5) -> 040 | AO5: =MOD(HEX2DEC(AM5)+2^15,2^16)-2^15 -> 1024 | AP5: =MOD(HEX2DEC(AN5)+2^15,2^16)-2^15 -> 64
H6: 1 | I6: Echo start | N6: 1 | AD6: 1 | AE6: Start (Test or Special cycle) | AJ6: 1 | AK6: 0
H7: 2 | I7: Echo special cycle | N7: 2 | AD7: 2 | AE7: Load Special Cycle code selected at address 8 & 9 | AJ7: 2 | AK7: 0
H8: 3 | I8: Echo program selection | N8: 3 | AD8: 3 | AE8: Load Program # selection from 06-07h | AJ8: 3 | AK8: 0
H9: 4 | I9: Echo reading of the results FIFO | N9: 4 | AD9: 4 | AE9: Read the FIFO cycles results | AJ9: 4 | AK9: 0
H10: 5 | I10: Echo reading of the parameters | N10: 5 | AD10: 5 | AE10: Read of the parameters | AJ10: 5 | AK10: 0
H11: 6 | I11: Echo writing of the parameters | N11: 6 | AD11: 6 | AE11: Write of the parameters | AJ11: 6 | AK11: 1
H12: 7 | I12: Echo reset of the results FIFO | N12: 7 | AD12: 7 | AE12: Reset of the results in FIFO | AJ12: 7 | AK12: 0
C13: Echo Signals | F13: 01 | G13: =HEX2DEC(F13) -> 1 | H13: 0 | I13: Echo reading of the instrument configuration | L13: =L5+1 -> 1007 | M13: =DEC2HEX(L13,4) -> 03EF | N13: 8 | Y13: =+X5 -> Commands | AB13: =DEC2HEX(AC13) -> 1 | AC13: =AC5+1 -> 1 | AD13: 0 | AE13: Read of the instrument configuration | AH13: =AH5+1 -> 2137 | AI13: =DEC2HEX(AH13,4) -> 0859 | AJ13: 8 | AK13: 0 | AL13: =BIN2HEX(CONCATENATE(AK20,AK19,AK18,AK17,AK16,AK15,AK14,AK13)) -> 0
H14: 1 | I14: Echo reading of the general bits | N14: 9 | AD14: 1 | AE14: Read of the general bits. | AJ14: 9 | AK14: 0
H15: 2 | I15: Echo reading of the normal bits | N15: 10 | AD15: 2 | AE15: Read of the normal bits. | AJ15: 10 | AK15: 0
H16: 3 | I16: Echo writing of the general bits | N16: 11 | AD16: 3 | AE16: Write of the general bits. | AJ16: 11 | AK16: 0
H17: 4 | I17: Echo writing of the normal bits | N17: 12 | AD17: 4 | AE17: Write of the normal bits. | AJ17: 12 | AK17: 0
H18: 5 | I18: Echo reading of the program personalisation | N18: 13 | AD18: 5 | AE18: Read of the program personalisation | AJ18: 13 | AK18: 0
H19: 6 | I19: Echo writing of the program personalisation | N19: 14 | AD19: 6 | AE19: Write of the program personalisation. | AJ19: 14 | AK19: 0
H20: 7 | I20: Echo writing Last Result | N20: 15 | AD20: 7 | AE20: Load Last result pressure and leak data to address 20h | AJ20: 15 | AK20: 0
B21: Error Code | C21: =+B21 -> Error Code | F21: 02 | G21: =HEX2DEC(F21) -> 2 | H21: 0 | I21: Reset error | J21: =DEC2HEX(K21,4) -> 03EF | K21: =+K5+1 -> 1007 | L21: =L13+1 -> 1008 | M21: =DEC2HEX(L21,4) -> 03F0 | N21: 0 | X21: Commands | Y21: =+X21 -> Commands | AB21: =DEC2HEX(AC21) -> 2 | AC21: =AC13+1 -> 2 | AD21: 0 | AE21: NOT USED | AF21: =DEC2HEX(AG21,4) -> 0859 | AG21: =+AG5+1 -> 2137 | AH21: =AH13+1 -> 2138 | AI21: =DEC2HEX(AH21,4) -> 085A | AJ21: 0
H22: 1 | I22: Start error | N22: 1 | AB22: =DEC2HEX(AC22) -> 3 | AC22: =AC21+1 -> 3 | AD22: 15 | AE22: NOT USED | AH22: =AH21+1 -> 2139 | AI22: =DEC2HEX(AH22,4) -> 085B | AJ22: 15
H23: 2 | I23: Special cycle error | N23: 2 | X23: Commands | Y23: =+X23 -> Commands | AB23: =DEC2HEX(AC23) -> 4 | AC23: =AC22+1 -> 4 | AD23: 0 | AE23: NOT Typically USED Select ATEQ "Head" to send commands Only if multiple heads are connected together via RS485 with an ATEQ C540 central controller Address 04h: Number of the targeted module (C540) selection of the head connected to the C540 central. Address 05h = 0 | AF23: =DEC2HEX(AG23,4) -> 085A | AG23: =+AG21+1 -> 2138 | AH23: =AH22+1 -> 2140 | AI23: =DEC2HEX(AH23,4) -> 085C | AJ23: 0
H24: 3 | I24: Program selection error | N24: 3 | AB24: =DEC2HEX(AC24) -> 5 | AC24: =AC23+1 -> 5 | AD24: 15 | AH24: =AH23+1 -> 2141 | AI24: =DEC2HEX(AH24,4) -> 085D | AJ24: 15
H25: 4 | I25: Reading of the results FIFO error | N25: 4 | X25: Commands | Y25: =Y33 -> Program to be Loaded | AB25: =DEC2HEX(AC25) -> 6 | AC25: =AC24+1 -> 6 | AD25: 0 | AE25: 2 byte BCD of program # PLC is requesting to be loaded when Address 0h-Bit3 is set to 1 OR Program Number to Read/Write Pramaters from ATEQ screen will be -1 (ATEQ Program #1 = 0, ATEQ Program #11 = 10 dec (000A) Must Validate byte swap may be 0A00(ATEQ screen is +1, e.g. 06h = 01h (01 = program #2 on ATEQ screen)Address 06h: Number of the program to be selected. Address 07h =0 | AF25: =DEC2HEX(AG25,4) -> 085B | AG25: =+AG23+1 -> 2139 | AH25: =AH24+1 -> 2142 | AI25: =DEC2HEX(AH25,4) -> 085E | AJ25: 0 | AK25: =HEX2BIN(AL25,8) -> 00001010 | AL25: =RIGHT(DEC2HEX(AP25,4),2) -> 0A | AM25: =CONCATENATE(AL25,AL33) -> 0A00 | AN25: =CONCATENATE(AL33,AL25) -> 000A | AO25: =MOD(HEX2DEC(AM25)+2^15,2^16)-2^15 -> 2560 | AP25: =AR25-1 -> 10 | AQ25: =AO25+1 -> 2561 | AR25: 11 | AS25: Enter ATEQ Program #
H26: 5 | I26: Reading of the parameters error | N26: 5 | AD26: 1 | AJ26: 1
H27: 6 | I27: Writing of the parameters error | N27: 6 | AD27: 2 | AJ27: 2
H28: 7 | I28: Reset of the results FIFO error | N28: 7 | AD28: 3 | AJ28: 3
C29: =+B21 -> Error Code | F29: 03 | G29: =HEX2DEC(F29) -> 3 | H29: 0 | I29: Reading of the instrument configuration error | L29: =L21+1 -> 1009 | M29: =DEC2HEX(L29,4) -> 03F1 | N29: 8 | AD29: 4 | AJ29: 4
H30: 1 | I30: Reading of the general bits error | N30: 9 | AD30: 5 | AJ30: 5
H31: 2 | I31: Reading of the normal bits error | N31: 10 | AD31: 6 | AJ31: 6
H32: 3 | I32: Writing of the general bits error | N32: 11 | AD32: 7 | AJ32: 7
H33: 4 | I33: Writing of the normal bits error | N33: 12 | Y33: Program to be Loaded | AB33: =DEC2HEX(AC33) -> 7 | AC33: =AC25+1 -> 7 | AD33: 0 | AH33: =AH25+1 -> 2143 | AI33: =DEC2HEX(AH33,4) -> 085F | AJ33: 8 | AK33: =HEX2BIN(AL33,8) -> 00000000 | AL33: =LEFT(DEC2HEX(AP25,4),2) -> 00
H34: 5 | I34: Reading of the program personalisation error | N34: 13 | AD34: 1 | AJ34: 9
H35: 6 | I35: Writing of the program personalisation error | N35: 14 | AD35: 2 | AJ35: 10
H36: 7 | I36: Echo writing Last Result Error | N36: 15 | AD36: 3 | AJ36: 11
F37: 04 | G37: =HEX2DEC(F37) -> 4 | H37: 0 | I37: Current ATEQ "Head" in use only if multiple heads are connected together via RS485 with an ATEQ C540 central controller | J37: =DEC2HEX(K37,4) -> 03F0 | K37: =+K21+1 -> 1008 | L37: =L29+1 -> 1010 | M37: =DEC2HEX(L37,4) -> 03F2 | N37: 0-7 | O37: LIVE Real Time Control | AD37: 4 | AJ37: 12
F38: 05 | G38: =HEX2DEC(F38) -> 5 | H38: 15 | L38: =L37+1 -> 1011 | M38: =DEC2HEX(L38,4) -> 03F3 | N38: 8-15 | AD38: 5 | AJ38: 13
F39: 06 | G39: =HEX2DEC(F39) -> 6 | H39: 0 | I39: 2 byte BCD of Current program # selected on ATEQ -1 (ATEQ Program #1 = 0, ATEQ Program #11 = 10 dec (000A) Must Validate byte swap may be 0A00 | J39: =DEC2HEX(K39,4) -> 03F1 | K39: =+K37+1 -> 1009 | L39: =L38+1 -> 1012 | M39: =DEC2HEX(L39,4) -> 03F4 | N39: 0-7 | AD39: 6 | AJ39: 14
F40: 07 | G40: =HEX2DEC(F40) -> 7 | H40: 0 | L40: =L39+1 -> 1013 | M40: =DEC2HEX(L40,4) -> 03F5 | N40: 8-15 | AD40: 7 | AJ40: 15
F41: 08 | G41: =HEX2DEC(F41) -> 8 | H41: 0 | I41: 2 byte BCD of Number of Results in FIFO Must Validate byte swap 0001 may be 0100 | J41: =DEC2HEX(K41,4) -> 03F2 | K41: =+K39+1 -> 1010 | L41: =L40+1 -> 1014 | M41: =DEC2HEX(L41,4) -> 03F6 | N41: 0-7 | X41: Commands | Y41: =Y42 -> 0 | AB41: =DEC2HEX(AC41) -> 8 | AC41: =AC33+1 -> 8 | AD41: 0-7 | AE41: 2 byte BCD code of the "Special Cycle" the PLC is requesting to be loaded when Address 0h-Bit2 is set to 1 "Piezo Auto Zero" = 00 07 "Infinite Fill" = 00 11 Code will depend on model of ATEQ F, MF, D etc. Must validate if data is swapped See SPE Cycle tab for other codes | AF41: =DEC2HEX(AG41,4) -> 085C | AG41: =+AG25+1 -> 2140 | AH41: =AH33+1 -> 2144 | AI41: =DEC2HEX(AH41,4) -> 0860 | AJ41: 0-7
F42: 09 | G42: =HEX2DEC(F42) -> 9 | H42: 0 | L42: =L41+1 -> 1015 | M42: =DEC2HEX(L42,4) -> 03F7 | N42: 8-15 | AB42: =DEC2HEX(AC42) -> 9 | AC42: =AC41+1 -> 9 | AD42: 0-7 | AH42: =AH41+1 -> 2145 | AI42: =DEC2HEX(AH42,4) -> 0861 | AJ42: 8-15
F43: 0A | G43: =HEX2DEC(F43) -> 10 | H43: 0 | I43: 2 byte ATEQ code to identify the type of test based on the selected program. Test types are identified by, Invalid: 0000, Leak: 0100, Blockage mode: 0200, Desensitized mode: 0300 Operator mode: 0400 and will depend on model of ATEQ F, MF, D etc. Must validate if data is swapped | J43: =DEC2HEX(K43,4) -> 03F3 | K43: =+K41+1 -> 1011 | L43: =L42+1 -> 1016 | M43: =DEC2HEX(L43,4) -> 03F8 | N43: 0-7 | X43: Commands | Y43: =Y44 -> 0 | AB43: =DEC2HEX(AC43) -> A | AC43: =AC42+1 -> 10 | AD43: 0 | AE43: 2 byte BCD code of the "Test Type" the PLC is requesting to be Created if PLC is making new programs Code will depend on model of ATEQ F, MF, D etc. | AF43: =DEC2HEX(AG43,4) -> 085D | AG43: =+AG41+1 -> 2141 | AH43: =AH42+1 -> 2146 | AI43: =DEC2HEX(AH43,4) -> 0862 | AJ43: 0
F44: 0B | G44: =HEX2DEC(F44) -> 11 | H44: 0 | L44: =L43+1 -> 1017 | M44: =DEC2HEX(L44,4) -> 03F9 | N44: 8-15 | AB44: =DEC2HEX(AC44) -> B | AC44: =AC43+1 -> 11 | AD44: 7 | AH44: =AH43+1 -> 2147 | AI44: =DEC2HEX(AH44,4) -> 0863 | AJ44: 15
B45: Real time test results | C45: =+B45 -> Real time test results | F45: 0C | G45: =+HEX2DEC(F45) -> 12 | H45: 0 | I45: ='LIVE Real Time Control'!I87 -> Pass part. (OK) | J45: =DEC2HEX(K45,4) -> 03F4 | K45: =+K43+1 -> 1012 | L45: =L44+1 -> 1018 | M45: =DEC2HEX(L45,4) -> 03FA | N45: 0 | X45: Commands | Y45: =+X45 -> Commands | AB45: =DEC2HEX(AC45) -> C | AC45: =AC44+1 -> 12 | AD45: 0 | AE45: NOT USED | AF45: =DEC2HEX(AG45,4) -> 085E | AG45: =+AG43+1 -> 2142 | AH45: =AH44+1 -> 2148 | AI45: =DEC2HEX(AH45,4) -> 0864 | AJ45: 0
H46: 1 | I46: ='LIVE Real Time Control'!I88 -> Fail test part.(NOK) | N46: 1 | AB46: =DEC2HEX(AC46) -> D | AC46: =AC45+1 -> 13 | AD46: 7 | AE46: NOT USED | AH46: =AH45+1 -> 2149 | AI46: =DEC2HEX(AH46,4) -> 0865 | AJ46: 15
H47: 2 | I47: ='LIVE Real Time Control'!I89 -> Fail reference part.(NOK) | N47: 2 | X47: Commands | Y47: =+X47 -> Commands | AB47: =DEC2HEX(AC47) -> E | AC47: =AC46+1 -> 14 | AD47: 0 | AE47: NOT USED | AF47: =DEC2HEX(AG47,4) -> 085F | AG47: =+AG45+1 -> 2143 | AH47: =AH46+1 -> 2150 | AI47: =DEC2HEX(AH47,4) -> 0866 | AJ47: 0
H48: 3 | I48: ='LIVE Real Time Control'!I90 -> Alarm. | N48: 3 | AB48: =DEC2HEX(AC48) -> F | AC48: =AC47+1 -> 15 | AD48: 7 | AE48: NOT USED | AH48: =AH47+1 -> 2151 | AI48: =DEC2HEX(AH48,4) -> 0867 | AJ48: 15
H49: 4 | I49: ='LIVE Real Time Control'!I91 -> Pressure error (Alarm) | N49: 4 | X49: Commands | Y49: =+X49 -> Commands | AB49: =DEC2HEX(AC49) -> 10 | AC49: =AC48+1 -> 16 | AD49: 0 | AE49: NOT USED | AF49: =DEC2HEX(AG49,4) -> 0860 | AG49: =+AG47+1 -> 2144 | AH49: =AH48+1 -> 2152 | AI49: =DEC2HEX(AH49,4) -> 0868 | AJ49: 0
H50: 5 | I50: ='LIVE Real Time Control'!I92 -> Cycle end (system ready). | N50: 5 | AB50: =DEC2HEX(AC50) -> 11 | AC50: =AC49+1 -> 17 | AD50: 7 | AE50: NOT USED | AH50: =AH49+1 -> 2153 | AI50: =DEC2HEX(AH50,4) -> 0869 | AJ50: 15
H51: 6 | I51: ='LIVE Real Time Control'!I93 -> Part recoverable. | N51: 6 | X51: Commands | Y51: =+X51 -> Commands | AB51: =DEC2HEX(AC51) -> 12 | AC51: =AC50+1 -> 18 | AD51: 0 | AE51: NOT USED | AF51: =DEC2HEX(AG51,4) -> 0861 | AG51: =+AG49+1 -> 2145 | AH51: =AH50+1 -> 2154 | AI51: =DEC2HEX(AH51,4) -> 086A | AJ51: 0
H52: 7 | I52: ='LIVE Real Time Control'!I94 -> Calibration error. | N52: 7 | AB52: =DEC2HEX(AC52) -> 13 | AC52: =AC51+1 -> 19 | AD52: 7 | AE52: NOT USED | AH52: =AH51+1 -> 2155 | AI52: =DEC2HEX(AH52,4) -> 086B | AJ52: 15
C53: =+B45 -> Real time test results | F53: 0D | G53: =+HEX2DEC(F53) -> 13 | H53: 0 | I53: ='LIVE Real Time Control'!I95 -> Calibration check error | L53: =L45+1 -> 1019 | M53: =DEC2HEX(L53,4) -> 03FB | N53: 8 | X53: Commands | Y53: =+X53 -> Commands | AB53: =DEC2HEX(AC53) -> 14 | AC53: =AC52+1 -> 20 | AD53: 0 | AE53: NOT USED | AF53: =DEC2HEX(AG53,4) -> 0862 | AG53: =+AG51+1 -> 2146 | AH53: =AH52+1 -> 2156 | AI53: =DEC2HEX(AH53,4) -> 086C | AJ53: 0
H54: 1 | I54: ='LIVE Real Time Control'!I96 -> ATR fault. | N54: 9 | AB54: =DEC2HEX(AC54) -> 15 | AC54: =AC53+1 -> 21 | AD54: 7 | AE54: NOT USED | AH54: =AH53+1 -> 2157 | AI54: =DEC2HEX(AH54,4) -> 086D | AJ54: 15
H55: 2 | I55: ='LIVE Real Time Control'!I97 -> Not used | N55: 10 | X55: Commands | Y55: =+X55 -> Commands | AB55: =DEC2HEX(AC55) -> 16 | AC55: =AC54+1 -> 22 | AD55: 0 | AE55: NOT USED | AF55: =DEC2HEX(AG55,4) -> 0863 | AG55: =+AG53+1 -> 2147 | AH55: =AH54+1 -> 2158 | AI55: =DEC2HEX(AH55,4) -> 086E | AJ55: 0
H56: 3 | I56: ='LIVE Real Time Control'!I98 -> Not used | N56: 11 | AB56: =DEC2HEX(AC56) -> 17 | AC56: =AC55+1 -> 23 | AD56: 7 | AE56: NOT USED | AH56: =AH55+1 -> 2159 | AI56: =DEC2HEX(AH56,4) -> 086F | AJ56: 15
H57: 4 | I57: ='LIVE Real Time Control'!I99 -> Not used | N57: 12 | X57: Commands | Y57: =+X57 -> Commands | AB57: =DEC2HEX(AC57) -> 18 | AC57: =AC56+1 -> 24 | AD57: 0 | AE57: NOT USED | AF57: =DEC2HEX(AG57,4) -> 0864 | AG57: =+AG55+1 -> 2148 | AH57: =AH56+1 -> 2160 | AI57: =DEC2HEX(AH57,4) -> 0870 | AJ57: 0
H58: 5 | I58: ='LIVE Real Time Control'!I100 -> Not used | N58: 13 | AB58: =DEC2HEX(AC58) -> 19 | AC58: =AC57+1 -> 25 | AD58: 7 | AE58: NOT USED | AH58: =AH57+1 -> 2161 | AI58: =DEC2HEX(AH58,4) -> 0871 | AJ58: 15
H59: 6 | I59: ='LIVE Real Time Control'!I101 -> Not used | N59: 14 | X59: Commands | Y59: =+X59 -> Commands | AB59: =DEC2HEX(AC59) -> 1A | AC59: =AC58+1 -> 26 | AD59: 0 | AE59: NOT USED | AF59: =DEC2HEX(AG59,4) -> 0865 | AG59: =+AG57+1 -> 2149 | AH59: =AH58+1 -> 2162 | AI59: =DEC2HEX(AH59,4) -> 0872 | AJ59: 0
H60: 7 | I60: ='LIVE Real Time Control'!I102 -> Panel Key switch "On" or "edit position" if applicable | N60: 15 | AB60: =DEC2HEX(AC60) -> 1B | AC60: =AC59+1 -> 27 | AD60: 7 | AE60: NOT USED | AH60: =AH59+1 -> 2163 | AI60: =DEC2HEX(AH60,4) -> 0873 | AJ60: 15
B61: Live Sensor Data | C61: =+B61 -> Live Sensor Data | F61: 0E | G61: =+HEX2DEC(F61) -> 14 | H61: 0 | I61: 2 byte ATEQ code to identify the current "Step" | J61: =DEC2HEX(K61,4) -> 03F5 | K61: =+K45+1 -> 1013 | L61: =L53+1 -> 1020 | M61: =DEC2HEX(L61,4) -> 03FC | N61: 0-7 | X61: Commands | Y61: =+X61 -> Commands | AB61: =DEC2HEX(AC61) -> 1C | AC61: =AC60+1 -> 28 | AD61: 0 | AE61: NOT USED | AF61: =DEC2HEX(AG61,4) -> 0866 | AG61: =+AG59+1 -> 2150 | AH61: =AH60+1 -> 2164 | AI61: =DEC2HEX(AH61,4) -> 0874 | AJ61: 0
F62: 0F | G62: =+HEX2DEC(F62) -> 15 | H62: 0 | L62: =L61+1 -> 1021 | M62: =DEC2HEX(L62,4) -> 03FD | N62: 8-15 | AB62: =DEC2HEX(AC62) -> 1D | AC62: =AC61+1 -> 29 | AD62: 7 | AE62: NOT USED | AH62: =AH61+1 -> 2165 | AI62: =DEC2HEX(AH62,4) -> 0875 | AJ62: 15
F63: =DEC2HEX(G63) -> 10 | G63: =G62+1 -> 16 | H63: 0-7 | I63: Live Sensor Pressure | J63: =DEC2HEX(K63,4) -> 03F6 | K63: =+K61+1 -> 1014 | L63: =L62+1 -> 1022 | M63: =DEC2HEX(L63,4) -> 03FE | N63: 0-7 | X63: Commands | Y63: =+X63 -> Commands | AB63: =DEC2HEX(AC63) -> 1E | AC63: =AC62+1 -> 30 | AD63: 0 | AE63: NOT USED | AF63: =DEC2HEX(AG63,4) -> 0867 | AG63: =+AG61+1 -> 2151 | AH63: =AH62+1 -> 2166 | AI63: =DEC2HEX(AH63,4) -> 0876 | AJ63: 0
F64: =DEC2HEX(G64) -> 11 | G64: =G63+1 -> 17 | H64: 0-7 | I64: Live Sensor Pressure | L64: =L63+1 -> 1023 | M64: =DEC2HEX(L64,4) -> 03FF | N64: 8-15 | AB64: =DEC2HEX(AC64) -> 1F | AC64: =AC63+1 -> 31 | AD64: 7 | AE64: NOT USED | AH64: =AH63+1 -> 2167 | AI64: =DEC2HEX(AH64,4) -> 0877 | AJ64: 15
F65: =DEC2HEX(G65) -> 12 | G65: =G64+1 -> 18 | H65: 0-7 | I65: Live Sensor Pressure | J65: =DEC2HEX(K65,4) -> 03F7 | K65: =+K63+1 -> 1015 | L65: =L64+1 -> 1024 | M65: =DEC2HEX(L65,4) -> 0400 | N65: 0-7 | X65: Commands | Y65: How many Parameter I.D's being requested | Z65: =DEC2HEX(AA65) -> 20 | AA65: 32 | AB65: =DEC2HEX(AC65) -> 20 | AC65: =AC64+1 -> 32 | AD65: 0 | AE65: 2 byte BCD of the number of Parameters to Write Must Validate byte swap may be e.g. 0E 00 to write 14 parameters | AF65: =DEC2HEX(AG65,4) -> 0868 | AG65: =+AG63+1 -> 2152 | AH65: =AH64+1 -> 2168 | AI65: =DEC2HEX(AH65,4) -> 0878 | AJ65: 0 | AK65: =HEX2BIN(AL65,8) -> 00000001 | AL65: =RIGHT(DEC2HEX(AR65,4),2) -> 01 | AM65: =CONCATENATE(AL65,AL73) -> 0100 | AN65: =CONCATENATE(AL73,AL65) -> 0001 | AO65: =MOD(HEX2DEC(AM65)+2^15,2^16)-2^15 -> 256 | AP65: Output word exchange for Requesting Writing Parameters . see ATEQ NetworksO manual PDF page 235/286 | AR65: 1 | AS65: Enter How many Parameters that will be Writen
F66: =DEC2HEX(G66) -> 13 | G66: =G65+1 -> 19 | H66: 0-7 | I66: Live Sensor Pressure | L66: =L65+1 -> 1025 | M66: =DEC2HEX(L66,4) -> 0401 | N66: 8-15 | AD66: 1 | AJ66: 1
F67: =DEC2HEX(G67) -> 14 | G67: =G66+1 -> 20 | H67: 0-7 | I67: Live Sensor Pressure Units | J67: =DEC2HEX(K67,4) -> 03F8 | K67: =+K65+1 -> 1016 | L67: =L66+1 -> 1026 | M67: =DEC2HEX(L67,4) -> 0402 | N67: 0-7 | AD67: 2 | AJ67: 2
F68: =DEC2HEX(G68) -> 15 | G68: =G67+1 -> 21 | H68: 0-7 | I68: Live Sensor Pressure Units | L68: =L67+1 -> 1027 | M68: =DEC2HEX(L68,4) -> 0403 | N68: 8-15 | AD68: 3 | AJ68: 3
F69: =DEC2HEX(G69) -> 16 | G69: =G68+1 -> 22 | H69: 0-7 | I69: Live Sensor Pressure Units | J69: =DEC2HEX(K69,4) -> 03F9 | K69: =+K67+1 -> 1017 | L69: =L68+1 -> 1028 | M69: =DEC2HEX(L69,4) -> 0404 | N69: 0-7 | AD69: 4 | AJ69: 4
F70: =DEC2HEX(G70) -> 17 | G70: =G69+1 -> 23 | H70: 0-7 | I70: Live Sensor Pressure Units | L70: =L69+1 -> 1029 | M70: =DEC2HEX(L70,4) -> 0405 | N70: 8-15 | AD70: 5 | AJ70: 5
F71: =DEC2HEX(G71) -> 18 | G71: =G70+1 -> 24 | H71: 0-7 | I71: Live Sensor Leak/Flow | J71: =DEC2HEX(K71,4) -> 03FA | K71: =+K69+1 -> 1018 | L71: =L70+1 -> 1030 | M71: =DEC2HEX(L71,4) -> 0406 | N71: 0-7 | AD71: 6 | AJ71: 6
F72: =DEC2HEX(G72) -> 19 | G72: =G71+1 -> 25 | H72: 0-7 | I72: Live Sensor Leak/Flow | L72: =L71+1 -> 1031 | M72: =DEC2HEX(L72,4) -> 0407 | N72: 8-15 | AD72: 7 | AJ72: 7
F73: =DEC2HEX(G73) -> 1A | G73: =G72+1 -> 26 | H73: 0-7 | I73: Live Sensor Leak/Flow | J73: =DEC2HEX(K73,4) -> 03FB | K73: =+K71+1 -> 1019 | L73: =L72+1 -> 1032 | M73: =DEC2HEX(L73,4) -> 0408 | N73: 0-7 | AB73: =DEC2HEX(AC73) -> 21 | AC73: =AC65+1 -> 33 | AD73: 0 | AH73: =AH65+1 -> 2169 | AI73: =DEC2HEX(AH73,4) -> 0879 | AJ73: 8 | AK73: =HEX2BIN(AL73,8) -> 00000000 | AL73: =LEFT(DEC2HEX(AR65,4),2) -> 00
F74: =DEC2HEX(G74) -> 1B | G74: =G73+1 -> 27 | H74: 0-7 | I74: Live Sensor Leak/Flow | L74: =L73+1 -> 1033 | M74: =DEC2HEX(L74,4) -> 0409 | N74: 8-15 | AD74: 1 | AJ74: 9
F75: =DEC2HEX(G75) -> 1C | G75: =G74+1 -> 28 | H75: 0-7 | I75: Live Sensor Leak/Flow units | J75: =DEC2HEX(K75,4) -> 03FC | K75: =+K73+1 -> 1020 | L75: =L74+1 -> 1034 | M75: =DEC2HEX(L75,4) -> 040A | N75: 0-7 | AD75: 2 | AJ75: 10
F76: =DEC2HEX(G76) -> 1D | G76: =G75+1 -> 29 | H76: 0-7 | I76: Live Sensor Leak/Flow units | L76: =L75+1 -> 1035 | M76: =DEC2HEX(L76,4) -> 040B | N76: 8-15 | AD76: 3 | AJ76: 11
F77: =DEC2HEX(G77) -> 1E | G77: =G76+1 -> 30 | H77: 0-7 | I77: Live Sensor Leak/Flow units | J77: =DEC2HEX(K77,4) -> 03FD | K77: =+K75+1 -> 1021 | L77: =L76+1 -> 1036 | M77: =DEC2HEX(L77,4) -> 040C | N77: 0-7 | AD77: 4 | AJ77: 12
F78: =DEC2HEX(G78) -> 1F | G78: =G77+1 -> 31 | H78: 0-7 | I78: Live Sensor Leak/Flow units | L78: =L77+1 -> 1037 | M78: =DEC2HEX(L78,4) -> 040D | N78: 8-15 | AD78: 5 | AJ78: 13
AD79: 6 | AJ79: 14
AD80: 7 | AJ80: 15
X81: Commands | Y81: 1st Parameter I.D. | Z81: =DEC2HEX(AA81) -> 21 | AA81: =AA65+1 -> 33 | AB81: =DEC2HEX(AC81) -> 22 | AC81: =AC73+1 -> 34 | AD81: 0 | AE81: 2 byte BCD of the Parameter Identifier Must Validate byte swap may be e.g. 14 00 hex = 20 dec for Volume see Excel Tab PARAM ID | AF81: =DEC2HEX(AG81,4) -> 0869 | AG81: =+AG65+1 -> 2153 | AH81: =AH73+1 -> 2170 | AI81: =DEC2HEX(AH81,4) -> 087A | AJ81: 0 | AK81: =HEX2BIN(AL81,8) -> 10010111 | AL81: =RIGHT(DEC2HEX(AR81,4),2) -> 97 | AM81: =CONCATENATE(AL81,AL89) -> 9700 | AN81: =CONCATENATE(AL89,AL81) -> 0097 | AO81: =MOD(HEX2DEC(AM81)+2^15,2^16)-2^15 -> -26880 | AP81: Output word exchange for Requesting Writing Parameters . see ATEQ NetworksO manual PDF page 235/286 | AR81: 151 | AS81: Enter Parameter I.D to be Writen
AD82: 1 | AJ82: 1
AD83: 2 | AJ83: 2
AD84: 3 | AJ84: 3
AD85: 4 | AJ85: 4
AD86: 5 | AJ86: 5
AD87: 6 | AJ87: 6
AD88: 7 | AJ88: 7
AB89: =DEC2HEX(AC89) -> 23 | AC89: =AC81+1 -> 35 | AD89: 0 | AH89: =AH81+1 -> 2171 | AI89: =DEC2HEX(AH89,4) -> 087B | AJ89: 8 | AK89: =HEX2BIN(AL89,8) -> 00000000 | AL89: =LEFT(DEC2HEX(AR81,4),2) -> 00
AD90: 1 | AJ90: 9
AD91: 2 | AJ91: 10
AD92: 3 | AJ92: 11
AD93: 4 | AJ93: 12
AD94: 5 | AJ94: 13
AD95: 6 | AJ95: 14
AD96: 7 | AJ96: 15
X97: Commands | Y97: Value of Parameter I.D. in word above | Z97: =DEC2HEX(AA97) -> 22 | AA97: =AA81+1 -> 34 | AB97: =DEC2HEX(AC97) -> 24 | AC97: =AC89+1 -> 36 | AD97: 0 | AE97: Dword Write Value to Parameter of I.D. in the above word e.g.Volume value of 750 (see units selected or write units first) *1000 750000 dec swapped = -334768896 dec or B0 71 0B 00 hex | AF97: =DEC2HEX(AG97,4) -> 086A | AG97: =+AG81+1 -> 2154 | AH97: =AH89+1 -> 2172 | AI97: =DEC2HEX(AH97,4) -> 087C | AJ97: 0 | AK97: =HEX2BIN(AL97,8) -> 00010000 | AL97: =RIGHT(AM97,2) -> 10 | AM97: =RIGHT(DEC2HEX(AO97,8),8) -> 00002710 | AN97: =RIGHT(DEC2HEX(AP97,8),8) -> 10270000 | AO97: =AR97*1000 -> 10000 | AP97: =MOD(HEX2DEC((CONCATENATE(AL97,AL105,AL113,AL121)))+2^31,2^32)-2^31 -> 270991360 | AQ97: =AP97/1000 -> 270991.36 | AR97: 10 | AS97: Enter Value Decimal to be Written
AD98: 1 | AJ98: 1
AD99: 2 | AJ99: 2
AD100: 3 | AJ100: 3
AD101: 4 | AJ101: 4
...

Sheet PUN
D2: ATEQ Addresses | I2: PLC INPUT | X2: ATEQ Address | AC2: PLC OUTPUT | AI2: ENTER Binary or Text ONLY in GREEN AREAS | AJ2: ENTER HEX Value ONLY in GREEN AREAS | AK2: HEX CMD | AL2: HEX CMD Word Swap | AM2: DEC CMD Word | AN2: DEC CMD Word Swap | AO2: Actual Data Dec | AP2: Actual Data Dec swaped | AQ2: Cycle Step | AW2: Select Prog = P.[step]
D3: Word | F3: Byte | J3: PLC Word INT | N3: Enter Value HEX | O3: Word HEX | P3: HEX Swap | Q3: DEC | R3: Swap DEC | S3: Act Data | T3: Act Data Swap | X3: Word | Z3: Byte | AD3: PLC Word INT | AF3: BYTE
D4: Hex | E4: Dec | F4: Hex | G4: Dec | H4: Bits | I4: Description | J4: Hex | K4: Dec | L4: Bits | X4: Hex | Y4: Dec | Z4: Hex | AA4: Dec | AB4: Bits | AC4: ATEQ Commands | AD4: Hex | AE4: Dec | AF4: DEC | AG4: HEX | AH4: Bits | AR4: Chapter 21 page 217/286 in NetworksO manual
A5: Real Time Measurements Real Time Measurements Real Time Measurements Real Time Measurements | B5: Echo Signals | C5: Echo Signals | F5: 00 | G5: =HEX2DEC(F5) -> 0 | H5: 0 | I5: Echo reset | J5: =DEC2HEX(K5,2) -> #NUM! | K5: ='LIVE Real Time Control'!K5 -> 1006 | L5: 0 | M5: Read Parameters and Settings at A79 | V5: Commands | W5: =+V5 -> Commands | Z5: =DEC2HEX(AA5) -> 0 | AA5: 0 | AB5: 0 | AC5: Reset (stop the current cycle) | AD5: =DEC2HEX(AE5,4) -> 0858 | AE5: ='LIVE Real Time Control'!AG5 -> 2136 | AF5: =AE5 -> 2136 | AG5: =DEC2HEX(AF5,4) -> 0858 | AH5: 0 | AI5: 0 | AJ5: =BIN2HEX(CONCATENATE(AI12,AI11,AI10,AI9,AI8,AI7,AI6,AI5)) -> 0 | AK5: =CONCATENATE(AJ5,AJ13) -> 040 | AL5: =CONCATENATE(AJ13,AJ5) -> 400 | AM5: =MOD(HEX2DEC(AK5)+2^15,2^16)-2^15 -> 64 | AN5: =MOD(HEX2DEC(AL5)+2^15,2^16)-2^15 -> 1024 | AQ5: 2 | AR5: 2.1.4 PDF Page 223/286 | AS5: Rising edge clears Alarms & Pass/Fail Bits or stops the current cycle
H6: 1 | I6: Echo start | L6: 1 | AB6: 1 | AC6: Start (Test or Special cycle) | AH6: 1 | AI6: 0 | AQ6: 4 | AR6: 2.1.3 PDF Page 222/286 | AS6: Load Program or Special cycle first then set to 1 rising edge to start
H7: 2 | I7: Echo special cycle | L7: 2 | AB7: 2 | AC7: Load Special Cycle code selected at address 8 & 9 | AH7: 2 | AI7: 0 | AR7: 2.1.5 PDF Page 224/286 | AS7: Set Special Cycle code # at 08-09h first then set byte0-Bit2 =1 to load. See chart 1.2 in manual for special cycle options of the unit type used
H8: 3 | I8: Echo program selection | L8: 3 | AB8: 3 | AC8: Load Program # selection from 06-07h | AH8: 3 | AI8: 0 | AQ8: 1 | AR8: 2.1.2 PDF Page 221/286 | AS8: Set Program # at 06-07h first then set Byte0-Bit3 =1 to load program # (ATEQ screen is +1, e.g. 06h = 01h (01 = program #2 on ATEQ screen) | AW8: P.2
H9: 4 | I9: Echo reading of the results FIFO | L9: 4 | AB9: 4 | AC9: Read the FIFO cycles results | AH9: 4 | AI9: 0
H10: 5 | I10: Echo reading of the parameters | L10: 5 | AB10: 5 | AC10: Read of the parameters | AH10: 5 | AI10: 0 | AQ10: 6 | AR10: 2.2 PDF Page 226/286 | AS10: Moves the test parameters in the exchange zone at address 20h see "Read Parameters" Excel tab
H11: 6 | I11: Echo writing of the parameters | L11: 6 | AB11: 6 | AC11: Write of the parameters | AH11: 6 | AI11: 0
H12: 7 | I12: Echo reset of the results FIFO | L12: 7 | AB12: 7 | AC12: Reset of the results in FIFO | AH12: 7 | AI12: 0 | AQ12: 3 | AR12: 2.5 PDF Page 229/286 | AS12: Clears FIFO to ensure the data moved into the last results is from the last cycle
C13: Echo Signals | F13: 01 | G13: =HEX2DEC(F13) -> 1 | H13: 0 | I13: Echo reading of the instrument configuration | L13: 8 | W13: =+V5 -> Commands | Z13: =DEC2HEX(AA13) -> 1 | AA13: =AA5+1 -> 1 | AB13: 0 | AC13: Read of the instrument configuration | AF13: =AF5+1 -> 2137 | AG13: =DEC2HEX(AF13,4) -> 0859 | AH13: 8 | AI13: 0 | AJ13: =BIN2HEX(CONCATENATE(AI20,AI19,AI18,AI17,AI16,AI15,AI14,AI13)) -> 40
H14: 1 | I14: Echo reading of the general bits | L14: 9 | AB14: 1 | AC14: Read of the general bits. | AH14: 9 | AI14: 0
H15: 2 | I15: Echo reading of the normal bits | L15: 10 | AB15: 2 | AC15: Read of the normal bits. | AH15: 10 | AI15: 0
H16: 3 | I16: Echo writing of the general bits | L16: 11 | AB16: 3 | AC16: Write of the general bits. | AH16: 11 | AI16: 0
H17: 4 | I17: Echo writing of the normal bits | L17: 12 | AB17: 4 | AC17: Write of the normal bits. | AH17: 12 | AI17: 0
H18: 5 | I18: Echo reading of the program personalisation | L18: 13 | AB18: 5 | AC18: Read of the program personalisation | AH18: 13 | AI18: 0
H19: 6 | I19: Echo writing of the program personalisation | L19: 14 | AB19: 6 | AC19: Write of the program personalisation. | AH19: 14 | AI19: 1
H20: 7 | I20: Echo writing Last Result | L20: 15 | AB20: 7 | AC20: Load Last result pressure and leak data to address 20h | AH20: 15 | AI20: 0 | AR20: 2.4 PDF Page 228/286 | AS20: Move the Last Results to the exchange zone at address 20h see "Last Results" Excel tab
B21: Error Code | C21: =+B21 -> Error Code | F21: 02 | G21: =HEX2DEC(F21) -> 2 | H21: 0 | I21: Reset error | J21: =DEC2HEX(K21,2) -> #NUM! | K21: =+K5+1 -> 1007 | L21: 0 | V21: Commands | W21: =+V21 -> Commands | Z21: =DEC2HEX(AA21) -> 2 | AA21: =AA13+1 -> 2 | AB21: 0 | AC21: NOT USED | AD21: =DEC2HEX(AE21,4) -> 0859 | AE21: =+AE5+1 -> 2137 | AF21: =AF13+1 -> 2138 | AG21: =DEC2HEX(AF21,4) -> 085A | AH21: 0
H22: 1 | I22: Start error | L22: 1 | Z22: =DEC2HEX(AA22) -> 3 | AA22: =AA21+1 -> 3 | AB22: 15 | AC22: NOT USED | AF22: =AF21+1 -> 2139 | AG22: =DEC2HEX(AF22,4) -> 085B | AH22: 15
H23: 2 | I23: Special cycle error | L23: 2 | V23: Commands | W23: =+V23 -> Commands | Z23: =DEC2HEX(AA23) -> 4 | AA23: =AA22+1 -> 4 | AB23: 0 | AC23: NOT Typically USED Select ATEQ "Head" to send commands Only if multiple heads are connected together via RS485 with an ATEQ C540 central controller Address 04h: Number of the targeted module (C540) selection of the head connected to the C540 central. Address 05h = 0 | AD23: =DEC2HEX(AE23,4) -> 085A | AE23: =+AE21+1 -> 2138 | AF23: =AF22+1 -> 2140 | AG23: =DEC2HEX(AF23,4) -> 085C | AH23: 0
H24: 3 | I24: Program selection error | L24: 3 | Z24: =DEC2HEX(AA24) -> 5 | AA24: =AA23+1 -> 5 | AB24: 15 | AF24: =AF23+1 -> 2141 | AG24: =DEC2HEX(AF24,4) -> 085D | AH24: 15
H25: 4 | I25: Reading of the results FIFO error | L25: 4 | V25: Commands | W25: =W33 -> Program to be Loaded | Z25: =DEC2HEX(AA25) -> 6 | AA25: =AA24+1 -> 6 | AB25: 0 | AC25: 2 byte BCD of program # PLC is requesting to be loaded when Address 0h-Bit3 is set to 1 OR Program Number to Read Pramaters from ATEQ screen will be -1 (ATEQ Program #1 = 0, ATEQ Program #11 = 10 dec (000A) Must Validate byte swap may be 0A00(ATEQ screen is +1, e.g. 06h = 01h (01 = program #2 on ATEQ screen)Address 06h: Number of the program to be selected. Address 07h =0 | AD25: =DEC2HEX(AE25,4) -> 085B | AE25: =+AE23+1 -> 2139 | AF25: =AF24+1 -> 2142 | AG25: =DEC2HEX(AF25,4) -> 085E | AH25: 0 | AI25: =HEX2BIN(AJ25,8) -> 00001010 | AJ25: =RIGHT(DEC2HEX(AN25,4),2) -> 0A | AK25: =CONCATENATE(AJ25,AJ33) -> 0A00 | AL25: =CONCATENATE(AJ33,AJ25) -> 000A | AM25: =MOD(HEX2DEC(AK25)+2^15,2^16)-2^15 -> 2560 | AN25: =AP25-1 -> 10 | AO25: =AM25+1 -> 2561 | AP25: 11 | AQ25: Enter ATEQ Program #
H26: 5 | I26: Reading of the parameters error | L26: 5 | AB26: 1 | AH26: 1
H27: 6 | I27: Writing of the parameters error | L27: 6 | AB27: 2 | AH27: 2
H28: 7 | I28: Reset of the results FIFO error | L28: 7 | AB28: 3 | AH28: 3
C29: =+B21 -> Error Code | F29: 03 | G29: =HEX2DEC(F29) -> 3 | H29: 0 | I29: Reading of the instrument configuration error | L29: 8 | AB29: 4 | AH29: 4
H30: 1 | I30: Reading of the general bits error | L30: 9 | AB30: 5 | AH30: 5
H31: 2 | I31: Reading of the normal bits error | L31: 10 | AB31: 6 | AH31: 6
H32: 3 | I32: Writing of the general bits error | L32: 11 | AB32: 7 | AH32: 7
H33: 4 | I33: Writing of the normal bits error | L33: 12 | W33: Program to be Loaded | Z33: =DEC2HEX(AA33) -> 7 | AA33: =AA25+1 -> 7 | AB33: 0 | AF33: =AF25+1 -> 2143 | AG33: =DEC2HEX(AF33,4) -> 085F | AH33: 8 | AI33: =HEX2BIN(AJ33,8) -> 00000000 | AJ33: =LEFT(DEC2HEX(AN25,4),2) -> 00
H34: 5 | I34: Reading of the program personalisation error | L34: 13 | AB34: 1 | AH34: 9
H35: 6 | I35: Writing of the program personalisation error | L35: 14 | AB35: 2 | AH35: 10
H36: 7 | I36: Echo writing Last Result Error | L36: 15 | AB36: 3 | AH36: 11
F37: 04 | G37: =HEX2DEC(F37) -> 4 | H37: 0 | I37: Current ATEQ "Head" in use only if multiple heads are connected together via RS485 with an ATEQ C540 central controller | J37: =DEC2HEX(K37,2) -> #NUM! | K37: =+K21+1 -> 1008 | L37: 0-7 | M37: LIVE Real Time Control | AB37: 4 | AH37: 12
F38: 05 | G38: =HEX2DEC(F38) -> 5 | H38: 15 | L38: 8-15 | AB38: 5 | AH38: 13
F39: 06 | G39: =HEX2DEC(F39) -> 6 | H39: 0 | I39: 2 byte BCD of Current program # selected on ATEQ -1 (ATEQ Program #1 = 0, ATEQ Program #11 = 10 dec (000A) Must Validate byte swap may be 0A00 | J39: =DEC2HEX(K39,2) -> #NUM! | K39: =+K37+1 -> 1009 | L39: 0-7 | AB39: 6 | AH39: 14
F40: 07 | G40: =HEX2DEC(F40) -> 7 | H40: 0 | L40: 8-15 | AB40: 7 | AH40: 15
F41: 08 | G41: =HEX2DEC(F41) -> 8 | H41: 0 | I41: 2 byte BCD of Number of Results in FIFO Must Validate byte swap 0001 may be 0100 | J41: =DEC2HEX(K41,2) -> #NUM! | K41: =+K39+1 -> 1010 | L41: 0-7 | V41: Commands | W41: =W42 -> 0 | Z41: =DEC2HEX(AA41) -> 8 | AA41: =AA33+1 -> 8 | AB41: 0-7 | AC41: 2 byte BCD code of the "Special Cycle" the PLC is requesting to be loaded when Address 0h-Bit2 is set to 1 "Piezo Auto Zero" = 00 07 "Infinite Fill" = 00 11 Code will depend on model of ATEQ F, MF, D etc. Must validate if data is swapped See SPE Cycle tab for other codes | AD41: =DEC2HEX(AE41,4) -> 085C | AE41: =+AE25+1 -> 2140 | AF41: =AF33+1 -> 2144 | AG41: =DEC2HEX(AF41,4) -> 0860 | AH41: 0-7
F42: 09 | G42: =HEX2DEC(F42) -> 9 | H42: 0 | L42: 8-15 | Z42: =DEC2HEX(AA42) -> 9 | AA42: =AA41+1 -> 9 | AB42: 0-7 | AF42: =AF41+1 -> 2145 | AG42: =DEC2HEX(AF42,4) -> 0861 | AH42: 8-15
F43: 0A | G43: =HEX2DEC(F43) -> 10 | H43: 0 | I43: 2 byte ATEQ code to identify the type of test based on the selected program. Test types are identified by, Invalid: 0000, Leak: 0100, Blockage mode: 0200, Desensitized mode: 0300 Operator mode: 0400 and will depend on model of ATEQ F, MF, D etc. Must validate if data is swapped | J43: =DEC2HEX(K43,2) -> #NUM! | K43: =+K41+1 -> 1011 | L43: 0-7 | V43: Commands | W43: =W44 -> 0 | Z43: =DEC2HEX(AA43) -> A | AA43: =AA42+1 -> 10 | AB43: 0 | AC43: 2 byte BCD code of the "Test Type" the PLC is requesting to be Created if PLC is making new programs Code will depend on model of ATEQ F, MF, D etc. | AD43: =DEC2HEX(AE43,4) -> 085D | AE43: =+AE41+1 -> 2141 | AF43: =AF42+1 -> 2146 | AG43: =DEC2HEX(AF43,4) -> 0862 | AH43: 0
F44: 0B | G44: =HEX2DEC(F44) -> 11 | H44: 0 | L44: 8-15 | Z44: =DEC2HEX(AA44) -> B | AA44: =AA43+1 -> 11 | AB44: 7 | AF44: =AF43+1 -> 2147 | AG44: =DEC2HEX(AF44,4) -> 0863 | AH44: 15
B45: Real time test results | C45: =+B45 -> Real time test results | F45: 0C | G45: =+HEX2DEC(F45) -> 12 | H45: 0 | I45: ='LIVE Real Time Control'!I87 -> Pass part. (OK) | J45: =DEC2HEX(K45,2) -> #NUM! | K45: =+K43+1 -> 1012 | L45: 0 | V45: Commands | W45: =+V45 -> Commands | Z45: =DEC2HEX(AA45) -> C | AA45: =AA44+1 -> 12 | AB45: 0 | AC45: NOT USED | AD45: =DEC2HEX(AE45,4) -> 085E | AE45: =+AE43+1 -> 2142 | AF45: =AF44+1 -> 2148 | AG45: =DEC2HEX(AF45,4) -> 0864 | AH45: 0
H46: 1 | I46: ='LIVE Real Time Control'!I88 -> Fail test part.(NOK) | L46: 1 | Z46: =DEC2HEX(AA46) -> D | AA46: =AA45+1 -> 13 | AB46: 7 | AC46: NOT USED | AF46: =AF45+1 -> 2149 | AG46: =DEC2HEX(AF46,4) -> 0865 | AH46: 15
H47: 2 | I47: ='LIVE Real Time Control'!I89 -> Fail reference part.(NOK) | L47: 2 | V47: Commands | W47: =+V47 -> Commands | Z47: =DEC2HEX(AA47) -> E | AA47: =AA46+1 -> 14 | AB47: 0 | AC47: NOT USED | AD47: =DEC2HEX(AE47,4) -> 085F | AE47: =+AE45+1 -> 2143 | AF47: =AF46+1 -> 2150 | AG47: =DEC2HEX(AF47,4) -> 0866 | AH47: 0
H48: 3 | I48: ='LIVE Real Time Control'!I90 -> Alarm. | L48: 3 | Z48: =DEC2HEX(AA48) -> F | AA48: =AA47+1 -> 15 | AB48: 7 | AC48: NOT USED | AF48: =AF47+1 -> 2151 | AG48: =DEC2HEX(AF48,4) -> 0867 | AH48: 15
H49: 4 | I49: ='LIVE Real Time Control'!I91 -> Pressure error (Alarm) | L49: 4 | V49: Commands | W49: =+V49 -> Commands | Z49: =DEC2HEX(AA49) -> 10 | AA49: =AA48+1 -> 16 | AB49: 0 | AC49: NOT USED | AD49: =DEC2HEX(AE49,4) -> 0860 | AE49: =+AE47+1 -> 2144 | AF49: =AF48+1 -> 2152 | AG49: =DEC2HEX(AF49,4) -> 0868 | AH49: 0
H50: 5 | I50: ='LIVE Real Time Control'!I92 -> Cycle end (system ready). | L50: 5 | Z50: =DEC2HEX(AA50) -> 11 | AA50: =AA49+1 -> 17 | AB50: 7 | AC50: NOT USED | AF50: =AF49+1 -> 2153 | AG50: =DEC2HEX(AF50,4) -> 0869 | AH50: 15
H51: 6 | I51: ='LIVE Real Time Control'!I93 -> Part recoverable. | L51: 6 | V51: Commands | W51: =+V51 -> Commands | Z51: =DEC2HEX(AA51) -> 12 | AA51: =AA50+1 -> 18 | AB51: 0 | AC51: NOT USED | AD51: =DEC2HEX(AE51,4) -> 0861 | AE51: =+AE49+1 -> 2145 | AF51: =AF50+1 -> 2154 | AG51: =DEC2HEX(AF51,4) -> 086A | AH51: 0
H52: 7 | I52: ='LIVE Real Time Control'!I94 -> Calibration error. | L52: 7 | Z52: =DEC2HEX(AA52) -> 13 | AA52: =AA51+1 -> 19 | AB52: 7 | AC52: NOT USED | AF52: =AF51+1 -> 2155 | AG52: =DEC2HEX(AF52,4) -> 086B | AH52: 15
C53: =+B45 -> Real time test results | F53: 0D | G53: =+HEX2DEC(F53) -> 13 | H53: 0 | I53: ='LIVE Real Time Control'!I95 -> Calibration check error | L53: 8 | V53: Commands | W53: =+V53 -> Commands | Z53: =DEC2HEX(AA53) -> 14 | AA53: =AA52+1 -> 20 | AB53: 0 | AC53: NOT USED | AD53: =DEC2HEX(AE53,4) -> 0862 | AE53: =+AE51+1 -> 2146 | AF53: =AF52+1 -> 2156 | AG53: =DEC2HEX(AF53,4) -> 086C | AH53: 0
H54: 1 | I54: ='LIVE Real Time Control'!I96 -> ATR fault. | L54: 9 | Z54: =DEC2HEX(AA54) -> 15 | AA54: =AA53+1 -> 21 | AB54: 7 | AC54: NOT USED | AF54: =AF53+1 -> 2157 | AG54: =DEC2HEX(AF54,4) -> 086D | AH54: 15
H55: 2 | I55: ='LIVE Real Time Control'!I97 -> Not used | L55: 10 | V55: Commands | W55: =+V55 -> Commands | Z55: =DEC2HEX(AA55) -> 16 | AA55: =AA54+1 -> 22 | AB55: 0 | AC55: NOT USED | AD55: =DEC2HEX(AE55,4) -> 0863 | AE55: =+AE53+1 -> 2147 | AF55: =AF54+1 -> 2158 | AG55: =DEC2HEX(AF55,4) -> 086E | AH55: 0
H56: 3 | I56: ='LIVE Real Time Control'!I98 -> Not used | L56: 11 | Z56: =DEC2HEX(AA56) -> 17 | AA56: =AA55+1 -> 23 | AB56: 7 | AC56: NOT USED | AF56: =AF55+1 -> 2159 | AG56: =DEC2HEX(AF56,4) -> 086F | AH56: 15
H57: 4 | I57: ='LIVE Real Time Control'!I99 -> Not used | L57: 12 | V57: Commands | W57: =+V57 -> Commands | Z57: =DEC2HEX(AA57) -> 18 | AA57: =AA56+1 -> 24 | AB57: 0 | AC57: NOT USED | AD57: =DEC2HEX(AE57,4) -> 0864 | AE57: =+AE55+1 -> 2148 | AF57: =AF56+1 -> 2160 | AG57: =DEC2HEX(AF57,4) -> 0870 | AH57: 0
H58: 5 | I58: ='LIVE Real Time Control'!I100 -> Not used | L58: 13 | Z58: =DEC2HEX(AA58) -> 19 | AA58: =AA57+1 -> 25 | AB58: 7 | AC58: NOT USED | AF58: =AF57+1 -> 2161 | AG58: =DEC2HEX(AF58,4) -> 0871 | AH58: 15
H59: 6 | I59: ='LIVE Real Time Control'!I101 -> Not used | L59: 14 | V59: Commands | W59: =+V59 -> Commands | Z59: =DEC2HEX(AA59) -> 1A | AA59: =AA58+1 -> 26 | AB59: 0 | AC59: NOT USED | AD59: =DEC2HEX(AE59,4) -> 0865 | AE59: =+AE57+1 -> 2149 | AF59: =AF58+1 -> 2162 | AG59: =DEC2HEX(AF59,4) -> 0872 | AH59: 0
H60: 7 | I60: ='LIVE Real Time Control'!I102 -> Panel Key switch "On" or "edit position" if applicable | L60: 15 | Z60: =DEC2HEX(AA60) -> 1B | AA60: =AA59+1 -> 27 | AB60: 7 | AC60: NOT USED | AF60: =AF59+1 -> 2163 | AG60: =DEC2HEX(AF60,4) -> 0873 | AH60: 15
B61: Live Sensor Data | C61: =+B61 -> Live Sensor Data | F61: 0E | G61: =+HEX2DEC(F61) -> 14 | H61: 0 | I61: 2 byte ATEQ code to identify the current "Step" | J61: =DEC2HEX(K61,2) -> #NUM! | K61: =+K45+1 -> 1013 | L61: 0-7 | V61: Commands | W61: =+V61 -> Commands | Z61: =DEC2HEX(AA61) -> 1C | AA61: =AA60+1 -> 28 | AB61: 0 | AC61: NOT USED | AD61: =DEC2HEX(AE61,4) -> 0866 | AE61: =+AE59+1 -> 2150 | AF61: =AF60+1 -> 2164 | AG61: =DEC2HEX(AF61,4) -> 0874 | AH61: 0
F62: 0F | G62: =+HEX2DEC(F62) -> 15 | H62: 0 | L62: 8-15 | Z62: =DEC2HEX(AA62) -> 1D | AA62: =AA61+1 -> 29 | AB62: 7 | AC62: NOT USED | AF62: =AF61+1 -> 2165 | AG62: =DEC2HEX(AF62,4) -> 0875 | AH62: 15
F63: =DEC2HEX(G63) -> 10 | G63: =G62+1 -> 16 | H63: 0-7 | I63: Live Sensor Pressure | J63: =DEC2HEX(K63) -> 3F6 | K63: =K61+1 -> 1014 | L63: 0-7 | V63: Commands | W63: =+V63 -> Commands | Z63: =DEC2HEX(AA63) -> 1E | AA63: =AA62+1 -> 30 | AB63: 0 | AC63: NOT USED | AD63: =DEC2HEX(AE63,4) -> 0867 | AE63: =+AE61+1 -> 2151 | AF63: =AF62+1 -> 2166 | AG63: =DEC2HEX(AF63,4) -> 0876 | AH63: 0
F64: =DEC2HEX(G64) -> 11 | G64: =G63+1 -> 17 | H64: 0-7 | I64: Live Sensor Pressure | L64: 8-15 | Z64: =DEC2HEX(AA64) -> 1F | AA64: =AA63+1 -> 31 | AB64: 7 | AC64: NOT USED | AF64: =AF63+1 -> 2167 | AG64: =DEC2HEX(AF64,4) -> 0877 | AH64: 15
F65: =DEC2HEX(G65) -> 12 | G65: =G64+1 -> 18 | H65: 0-7 | I65: Live Sensor Pressure | J65: =DEC2HEX(K65) -> 3F7 | K65: =K63+1 -> 1015 | L65: 0-7 | V65: Commands | W65: How many Parameter I.D's being requested | X65: =DEC2HEX(Y65) -> 20 | Y65: 32 | Z65: =DEC2HEX(AA65) -> 20 | AA65: =AA64+1 -> 32 | AB65: 0 | AC65: Create an ascii part serial number or unique identification after setting program number by sending start of text, ascci serial number, end of text STX (02 hex) ASCII character's in hex, ETX (03 hex) Regular "Name Function "or personalization is retained and can be modified in a similar way without using the STX and EXT | AD65: =DEC2HEX(AE65,4) -> 0868 | AE65: =+AE63+1 -> 2152 | AF65: =AF64+1 -> 2168 | AG65: =DEC2HEX(AF65,4) -> 0878 | AH65: 0 | AI65: STX | AJ65: =IF(AI65 = "STX","02", AI65) -> 02 | AK65: =CONCATENATE(AJ65,AJ73) -> 0241 | AL65: =CONCATENATE(AJ73,AJ65) -> 4102 | AM65: =MOD(HEX2DEC(AK65)+2^15,2^16)-2^15 -> 577 | AN65: =MOD(HEX2DEC(AL65)+2^15,2^16)-2^15 -> 16642 | AO65: 1 - Write PUN CODE - Use fieldbus commande "Write personnalisation" with specific format : STX PUN_CODE ETX - Size max : 20 chars eg : PUN code "ABC1234567891234567890" - send as ascii in hex : 02 41 42 43 31 32 33 34 35 36 37 38 39 31 32 33 34 35 36 37 38 39 30 03 with (02 = STX, 41 = 'A'..., 30 = '0', 03 = ETX) 2- Print, at the end of cycle, PUN code with export frame, instead of barcode send Empty PUN code (Only STX and ETX) eg : STX ETX ascii, 02 03 hex
F66: =DEC2HEX(G66) -> 13 | G66: =G65+1 -> 19 | H66: 0-7 | I66: Live Sensor Pressure | L66: 8-15 | AB66: 1 | AH66: 1
F67: =DEC2HEX(G67) -> 14 | G67: =G66+1 -> 20 | H67: 0-7 | I67: Live Sensor Pressure Units | J67: =DEC2HEX(K67) -> 3F8 | K67: =K65+1 -> 1016 | L67: 0-7 | AB67: 2 | AH67: 2
F68: =DEC2HEX(G68) -> 15 | G68: =G67+1 -> 21 | H68: 0-7 | I68: Live Sensor Pressure Units | L68: 8-15 | AB68: 3 | AH68: 3
F69: =DEC2HEX(G69) -> 16 | G69: =G68+1 -> 22 | H69: 0-7 | I69: Live Sensor Pressure Units | J69: =DEC2HEX(K69) -> 3F9 | K69: =K67+1 -> 1017 | L69: 0-7 | AB69: 4 | AH69: 4
F70: =DEC2HEX(G70) -> 17 | G70: =G69+1 -> 23 | H70: 0-7 | I70: Live Sensor Pressure Units | L70: 8-15 | AB70: 5 | AH70: 5
F71: =DEC2HEX(G71) -> 18 | G71: =G70+1 -> 24 | H71: 0-7 | I71: Live Sensor Leak/Flow | J71: =DEC2HEX(K71) -> 3FA | K71: =K69+1 -> 1018 | L71: 0-7 | AB71: 6 | AH71: 6
F72: =DEC2HEX(G72) -> 19 | G72: =G71+1 -> 25 | H72: 0-7 | I72: Live Sensor Leak/Flow | L72: 8-15 | AB72: 7 | AH72: 7
F73: =DEC2HEX(G73) -> 1A | G73: =G72+1 -> 26 | H73: 0-7 | I73: Live Sensor Leak/Flow | J73: =DEC2HEX(K73) -> 3FB | K73: =K71+1 -> 1019 | L73: 0-7 | Z73: =DEC2HEX(AA73) -> 21 | AA73: =AA65+1 -> 33 | AB73: 0 | AC73: 1st ASCII Character in Hex e.g. "A" = 41hex | AF73: =AF65+1 -> 2169 | AG73: =DEC2HEX(AF73,4) -> 0879 | AH73: 8 | AI73: 41 | AJ73: =IF(AI73 = "ETX","03", AI73) -> 41
F74: =DEC2HEX(G74) -> 1B | G74: =G73+1 -> 27 | H74: 0-7 | I74: Live Sensor Leak/Flow | L74: 8-15 | AB74: 1 | AH74: 9
F75: =DEC2HEX(G75) -> 1C | G75: =G74+1 -> 28 | H75: 0-7 | I75: Live Sensor Leak/Flow units | J75: =DEC2HEX(K75) -> 3FC | K75: =K73+1 -> 1020 | L75: 0-7 | AB75: 2 | AH75: 10
F76: =DEC2HEX(G76) -> 1D | G76: =G75+1 -> 29 | H76: 0-7 | I76: Live Sensor Leak/Flow units | L76: 8-15 | AB76: 3 | AH76: 11
F77: =DEC2HEX(G77) -> 1E | G77: =G76+1 -> 30 | H77: 0-7 | I77: Live Sensor Leak/Flow units | J77: =DEC2HEX(K77) -> 3FD | K77: =K75+1 -> 1021 | L77: 0-7 | AB77: 4 | AH77: 12
F78: =DEC2HEX(G78) -> 1F | G78: =G77+1 -> 31 | H78: 0-7 | I78: Live Sensor Leak/Flow units | L78: 8-15 | AB78: 5 | AH78: 13
A79: Read Parameters & Settings Read Parameters & Settings Read Parameters & Settings Read Parameters & Settings Read Parameters & Settings Read Parameters & Settings Read Parameters & Settings | B79: Parameter I.D. Requested | C79: Parameter I.D. Requested | D79: =DEC2HEX(E79) -> 20 | E79: 32 | F79: =DEC2HEX(G79) -> 20 | G79: =G78+1 -> 32 | H79: 0 | I79: 2 byte BCD of the Parameter I.D. requested in the output word exchange zone e.g. 01 00 is the I.D. for the Fill Time the value is in the next two words | J79: =DEC2HEX(K79,2) -> #NUM! | K79: =+K77+1 -> 1022 | L79: 0 | M79: =HEX2BIN(N79,8) -> 00000001 | N79: 01 | O79: =CONCATENATE(N79,N87) -> 0100 | P79: =CONCATENATE(N87,N79) -> 0001 | Q79: =MOD(HEX2DEC(O79)+2^15,2^16)-2^15 -> 256 | R79: =MOD(HEX2DEC(P79)+2^15,2^16)-2^15 -> 1 | S79: Depends on Parameter Requested in the output word exchange see ATEQ NetworksO manual PDF page 226 & 247/286 | AB79: 6 | AH79: 14
H80: 1 | L80: 1 | AB80: 7 | AH80: 15
H81: 2 | L81: 2 | V81: Commands | W81: 1st Parameter I.D. | X81: =DEC2HEX(Y81) -> 21 | Y81: =Y65+1 -> 33 | Z81: =DEC2HEX(AA81) -> 22 | AA81: =AA73+1 -> 34 | AB81: 0 | AC81: 2nd ASCII Character in Hex e.g. "B" = 42 hex | AD81: =DEC2HEX(AE81,4) -> 0869 | AE81: =+AE65+1 -> 2153 | AF81: =AF73+1 -> 2170 | AG81: =DEC2HEX(AF81,4) -> 087A | AH81: 0 | AI81: B | AJ81: =DEC2HEX(CODE(AI81)) -> 42 | AK81: =CONCATENATE(AJ81,AJ89) -> 4243 | AL81: =CONCATENATE(AJ89,AJ81) -> 4342 | AM81: =MOD(HEX2DEC(AK81)+2^15,2^16)-2^15 -> 16963 | AN81: =MOD(HEX2DEC(AL81)+2^15,2^16)-2^15 -> 17218
H82: 3 | L82: 3 | AB82: 1 | AH82: 1
H83: 4 | L83: 4 | AB83: 2 | AH83: 2
H84: 5 | L84: 5 | AB84: 3 | AH84: 3
H85: 6 | L85: 6 | AB85: 4 | AH85: 4
H86: 7 | L86: 7 | AB86: 5 | AH86: 5
F87: =DEC2HEX(G87) -> 21 | G87: =G79+1 -> 33 | H87: 0 | L87: 8 | M87: =HEX2BIN(N87,8) -> 00000000 | N87: 00 | AB87: 6 | AH87: 6
H88: 1 | L88: 9 | AB88: 7 | AH88: 7
H89: 2 | L89: 10 | Z89: =DEC2HEX(AA89) -> 23 | AA89: =AA81+1 -> 35 | AB89: 0 | AC89: 3rd ASCII Character in Hex e.g. "C" = 43 hex | AF89: =AF81+1 -> 2171 | AG89: =DEC2HEX(AF89,4) -> 087B | AH89: 8 | AI89: C | AJ89: =DEC2HEX(CODE(AI89)) -> 43
H90: 3 | L90: 11 | AB90: 1 | AH90: 9
H91: 4 | L91: 12 | AB91: 2 | AH91: 10
H92: 5 | L92: 13 | AB92: 3 | AH92: 11
H93: 6 | L93: 14 | AB93: 4 | AH93: 12
H94: 7 | L94: 15 | AB94: 5 | AH94: 13
B95: Parameter Data for 1 st I.D. Requested | C95: Word 1 | D95: =DEC2HEX(E95) -> 21 | E95: =E79+1 -> 33 | F95: =DEC2HEX(G95,2) -> 22 | G95: =G87+1 -> 34 | H95: 0 | I95: Value of Parameter of I.D. requested in the output word exchange zone e.g. I.D. 01 is Fill time D0 07 00 00 swapped multiplied by *0.001 = 2.00 seconds | J95: =DEC2HEX(K95,2) -> #NUM! | K95: =+K79+1 -> 1023 | L95: 0 | M95: =HEX2BIN(N95,8) -> 11010000 | N95: D0 | O95: =CONCATENATE(N95,N103,N111,N119) -> D0070000 | P95: =CONCATENATE(N119,N111,N103,N95) -> 000007D0 | Q95: =MOD(HEX2DEC(O95)+2^31,2^32)-2^31 -> -804847616 | R95: =(MOD(HEX2DEC(P95)+2^31,2^32)-2^31) -> 2000 | S95: =Q95*0.001 -> -804847.62 | T95: =R95*0.001 -> 2 | AB95: 6 | AH95: 14
H96: 1 | L96: 1 | AB96: 7 | AH96: 15
H97: 2 | L97: 2 | V97: Commands | W97: 2nd Parameter I.D. | X97: =DEC2HEX(Y97) -> 22 | Y97: =Y81+1 -> 34 | Z97: =DEC2HEX(AA97) -> 24 | AA97: =AA89+1 -> 36 | AB97: 0 | AC97: 4th ASCII Character in Hex e.g. "1" = 31 hex | AD97: =DEC2HEX(AE97,4) -> 086A | AE97: =+AE81+1 -> 2154 | AF97: =AF89+1 -> 2172 | AG97: =DEC2HEX(AF97,4) -> 087C | AH97: 0 | AI97: 1 | AJ97: =DEC2HEX(CODE(AI97)) -> 31 | AK97: =CONCATENATE(AJ97,AJ105) -> 3132 | AL97: =CONCATENATE(AJ105,AJ97) -> 3231 | AM97: =MOD(HEX2DEC(AK97)+2^15,2^16)-2^15 -> 12594 | AN97: =MOD(HEX2DEC(AL97)+2^15,2^16)-2^15 -> 12849
H98: 3 | L98: 3 | AB98: 1 | AH98: 1
H99: 4 | L99: 4 | AB99: 2 | AH99: 2
H100: 5 | L100: 5 | AB100: 3 | AH100: 3
H101: 6 | L101: 6 | AB101: 4 | AH101: 4
...

Sheet ASCII to Hex
A1: 6D792062726F776E20646F67 | C1: HEX | D1: DEC | M1: Character | N1: 1 | O1: 2 | P1: 3 | Q1: 4 | R1: 5 | S1: 6 | T1: 7 | U1: 8 | V1: 9 | W1: 10 | X1: 11 | Y1: 12 | Z1: 13 | AA1: 14 | AB1: 15 | AC1: 16 | AD1: 17 | AE1: 18 | AF1: 19 | AG1: 20
A2: Start of Text | B2: STX | C2: 2 | D2: =HEX2DEC(C2) -> 2 | K2: =CONCATENATE((CHAR(HEX2DEC(MID(A1,1,2)))),(CHAR(HE X2DEC(MID(A1,3,2)))),(CHAR(HEX2DEC(MID(A1,5,2)))), (CHAR(HEX2DEC(MID(A1,7,2)))),(CHAR(HEX2DEC(MID(A1, 9,2)))),(CHAR(HEX2DEC(MID(A1,11,2))))) -> #NAME? | M2: Hex | N2: 02 | O2: =IF(O3="","03",DEC2HEX(CODE(O3))) -> 38 | P2: =IF(P3="","03",DEC2HEX(CODE(P3))) -> 38 | Q2: =IF(Q3="","03",DEC2HEX(CODE(Q3))) -> 32 | R2: =IF(R3="","03",DEC2HEX(CODE(R3))) -> 61 | S2: =IF(S3="","03",DEC2HEX(CODE(S3))) -> 6E | T2: =IF(T3="ETX","03",DEC2HEX(CODE(T3))) -> 03 | U2: =IF(U3="ETX","03",DEC2HEX(CODE(U3))) -> #VALUE! | V2: =IF(V3="ETX","03",DEC2HEX(CODE(V3))) -> #VALUE! | W2: =IF(W3="ETX","03",DEC2HEX(CODE(W3))) -> #VALUE! | X2: =IF(X3="ETX","03",DEC2HEX(CODE(X3))) -> #VALUE! | Y2: =IF(Y3="ETX","03",DEC2HEX(CODE(Y3))) -> #VALUE! | Z2: =IF(Z3="ETX","03",DEC2HEX(CODE(Z3))) -> #VALUE! | AA2: =IF(AA3="ETX","03",DEC2HEX(CODE(AA3))) -> #VALUE! | ... AG2: =IF(AG3="ETX","03",DEC2HEX(CODE(AG3))) -> #VALUE!
A3: End of Text | B3: ETX | C3: 3 | D3: =HEX2DEC(C3) -> 3 | M3: Text | N3: STX | O3: 8 | P3: 8 | Q3: 2 | R3: a | S3: n | T3: ETX
A4: Character | B4: HEX | C4: DEC | E4: Character | F4: HEX | G4: DEC | I4: Character | J4: HEX | K4: DEC
A5: 0 | B5: =DEC2HEX(CODE(A5)) -> 30 | C5: =HEX2DEC(B5) -> 48 | E5: A | F5: =DEC2HEX(CODE(E5)) -> 41 | G5: =HEX2DEC(F5) -> 65 | I5: a | J5: =DEC2HEX(CODE(I5)) -> 61 | K5: =HEX2DEC(J5) -> 97 | M5: Hex | N5: 4e | O5: 41 | P5: 4d | Q5: 45
A6: 1 | B6: =DEC2HEX(CODE(A6)) -> 31 | C6: =HEX2DEC(B6) -> 49 | E6: B | F6: =DEC2HEX(CODE(E6)) -> 42 | G6: =HEX2DEC(F6) -> 66 | I6: b | J6: =DEC2HEX(CODE(I6)) -> 62 | K6: =HEX2DEC(J6) -> 98 | M6: Text | N6: =IF(N5="","",CHAR(HEX2DEC(MID(N5,1,2)))) -> N | O6: =IF(O5="","",CHAR(HEX2DEC(MID(O5,1,2)))) -> A | P6: =IF(P5="","",CHAR(HEX2DEC(MID(P5,1,2)))) -> M | Q6: =IF(Q5="","",CHAR(HEX2DEC(MID(Q5,1,2)))) -> E | R6: =IF(R5="","",CHAR(HEX2DEC(MID(R5,1,2)))) | S6: =IF(S5="","",CHAR(HEX2DEC(MID(S5,1,2)))) | T6: =IF(T5="","",CHAR(HEX2DEC(MID(T5,1,2)))) | U6: =IF(U5="","",CHAR(HEX2DEC(MID(U5,1,2)))) | ... AG6: =IF(AG5="","",CHAR(HEX2DEC(MID(AG5,1,2))))
A7: 2 | B7: =DEC2HEX(CODE(A7)) -> 32 | C7: =HEX2DEC(B7) -> 50 | E7: C | F7: =DEC2HEX(CODE(E7)) -> 43 | G7: =HEX2DEC(F7) -> 67 | I7: c | J7: =DEC2HEX(CODE(I7)) -> 63 | K7: =HEX2DEC(J7) -> 99
A8: 3 | B8: =DEC2HEX(CODE(A8)) -> 33 | C8: =HEX2DEC(B8) -> 51 | E8: D | F8: =DEC2HEX(CODE(E8)) -> 44 | G8: =HEX2DEC(F8) -> 68 | I8: d | J8: =DEC2HEX(CODE(I8)) -> 64 | K8: =HEX2DEC(J8) -> 100
A9: 4 | B9: =DEC2HEX(CODE(A9)) -> 34 | C9: =HEX2DEC(B9) -> 52 | E9: E | F9: =DEC2HEX(CODE(E9)) -> 45 | G9: =HEX2DEC(F9) -> 69 | I9: e | J9: =DEC2HEX(CODE(I9)) -> 65 | K9: =HEX2DEC(J9) -> 101
A10: 5 | B10: =DEC2HEX(CODE(A10)) -> 35 | C10: =HEX2DEC(B10) -> 53 | E10: F | F10: =DEC2HEX(CODE(E10)) -> 46 | G10: =HEX2DEC(F10) -> 70 | I10: f | J10: =DEC2HEX(CODE(I10)) -> 66 | K10: =HEX2DEC(J10) -> 102
A11: 6 | B11: =DEC2HEX(CODE(A11)) -> 36 | C11: =HEX2DEC(B11) -> 54 | E11: G | F11: =DEC2HEX(CODE(E11)) -> 47 | G11: =HEX2DEC(F11) -> 71 | I11: g | J11: =DEC2HEX(CODE(I11)) -> 67 | K11: =HEX2DEC(J11) -> 103
A12: 7 | B12: =DEC2HEX(CODE(A12)) -> 37 | C12: =HEX2DEC(B12) -> 55 | E12: H | F12: =DEC2HEX(CODE(E12)) -> 48 | G12: =HEX2DEC(F12) -> 72 | I12: h | J12: =DEC2HEX(CODE(I12)) -> 68 | K12: =HEX2DEC(J12) -> 104
A13: 8 | B13: =DEC2HEX(CODE(A13)) -> 38 | C13: =HEX2DEC(B13) -> 56 | E13: I | F13: =DEC2HEX(CODE(E13)) -> 49 | G13: =HEX2DEC(F13) -> 73 | I13: i | J13: =DEC2HEX(CODE(I13)) -> 69 | K13: =HEX2DEC(J13) -> 105
A14: 9 | B14: =DEC2HEX(CODE(A14)) -> 39 | C14: =HEX2DEC(B14) -> 57 | E14: J | F14: =DEC2HEX(CODE(E14)) -> 4A | G14: =HEX2DEC(F14) -> 74 | I14: j | J14: =DEC2HEX(CODE(I14)) -> 6A | K14: =HEX2DEC(J14) -> 106
A15: . | B15: =DEC2HEX(CODE(A15)) -> 2E | C15: =HEX2DEC(B15) -> 46 | E15: K | F15: =DEC2HEX(CODE(E15)) -> 4B | G15: =HEX2DEC(F15) -> 75 | I15: k | J15: =DEC2HEX(CODE(I15)) -> 6B | K15: =HEX2DEC(J15) -> 107
A16: \ | B16: =DEC2HEX(CODE(A16)) -> 5C | C16: =HEX2DEC(B16) -> 92 | E16: L | F16: =DEC2HEX(CODE(E16)) -> 4C | G16: =HEX2DEC(F16) -> 76 | I16: l | J16: =DEC2HEX(CODE(I16)) -> 6C | K16: =HEX2DEC(J16) -> 108
A17: ? | B17: =DEC2HEX(CODE(A17)) -> 3F | C17: =HEX2DEC(B17) -> 63 | E17: M | F17: =DEC2HEX(CODE(E17)) -> 4D | G17: =HEX2DEC(F17) -> 77 | I17: m | J17: =DEC2HEX(CODE(I17)) -> 6D | K17: =HEX2DEC(J17) -> 109
A18: < | B18: =DEC2HEX(CODE(A18)) -> 3C | C18: =HEX2DEC(B18) -> 60 | E18: N | F18: =DEC2HEX(CODE(E18)) -> 4E | G18: =HEX2DEC(F18) -> 78 | I18: n | J18: =DEC2HEX(CODE(I18)) -> 6E | K18: =HEX2DEC(J18) -> 110
A19: > | B19: =DEC2HEX(CODE(A19)) -> 3E | C19: =HEX2DEC(B19) -> 62 | E19: O | F19: =DEC2HEX(CODE(E19)) -> 4F | G19: =HEX2DEC(F19) -> 79 | I19: o | J19: =DEC2HEX(CODE(I19)) -> 6F | K19: =HEX2DEC(J19) -> 111
A20: ! | B20: =DEC2HEX(CODE(A20)) -> 21 | C20: =HEX2DEC(B20) -> 33 | E20: P | F20: =DEC2HEX(CODE(E20)) -> 50 | G20: =HEX2DEC(F20) -> 80 | I20: p | J20: =DEC2HEX(CODE(I20)) -> 70 | K20: =HEX2DEC(J20) -> 112
A21: @ | B21: =DEC2HEX(CODE(A21)) -> 40 | C21: =HEX2DEC(B21) -> 64 | E21: Q | F21: =DEC2HEX(CODE(E21)) -> 51 | G21: =HEX2DEC(F21) -> 81 | I21: q | J21: =DEC2HEX(CODE(I21)) -> 71 | K21: =HEX2DEC(J21) -> 113
A22: # | B22: =DEC2HEX(CODE(A22)) -> 23 | C22: =HEX2DEC(B22) -> 35 | E22: R | F22: =DEC2HEX(CODE(E22)) -> 52 | G22: =HEX2DEC(F22) -> 82 | I22: r | J22: =DEC2HEX(CODE(I22)) -> 72 | K22: =HEX2DEC(J22) -> 114
A23: $ | B23: =DEC2HEX(CODE(A23)) -> 24 | C23: =HEX2DEC(B23) -> 36 | E23: S | F23: =DEC2HEX(CODE(E23)) -> 53 | G23: =HEX2DEC(F23) -> 83 | I23: s | J23: =DEC2HEX(CODE(I23)) -> 73 | K23: =HEX2DEC(J23) -> 115
A24: % | B24: =DEC2HEX(CODE(A24)) -> 25 | C24: =HEX2DEC(B24) -> 37 | E24: T | F24: =DEC2HEX(CODE(E24)) -> 54 | G24: =HEX2DEC(F24) -> 84 | I24: t | J24: =DEC2HEX(CODE(I24)) -> 74 | K24: =HEX2DEC(J24) -> 116
A25: ^ | B25: =DEC2HEX(CODE(A25)) -> 5E | C25: =HEX2DEC(B25) -> 94 | E25: U | F25: =DEC2HEX(CODE(E25)) -> 55 | G25: =HEX2DEC(F25) -> 85 | I25: u | J25: =DEC2HEX(CODE(I25)) -> 75 | K25: =HEX2DEC(J25) -> 117
A26: * | B26: =DEC2HEX(CODE(A26)) -> 2A | C26: =HEX2DEC(B26) -> 42 | E26: V | F26: =DEC2HEX(CODE(E26)) -> 56 | G26: =HEX2DEC(F26) -> 86 | I26: v | J26: =DEC2HEX(CODE(I26)) -> 76 | K26: =HEX2DEC(J26) -> 118
... A30: + | B30: =DEC2HEX(CODE(A30)) -> 2B | C30: =HEX2DEC(B30) -> 43 | E30: Z | F30: =DEC2HEX(CODE(E30)) -> 5A | G30: =HEX2DEC(F30) -> 90 | I30: z | J30: =DEC2HEX(CODE(I30)) -> 7A | K30: =HEX2DEC(J30) -> 122
B31: =DEC2HEX(CODE(A31)) -> 20 | C31: =HEX2DEC(B31) -> 32
A52: a | B52: =DEC2HEX(CODE(A52)) -> 61 | C52: =HEX2DEC(B52) -> 97
A53: b | B53: =DEC2HEX(CODE(A53)) -> 62 | C53: =HEX2DEC(B53) -> 98
A54: c | B54: =DEC2HEX(CODE(A54)) -> 63 | C54: =HEX2DEC(B54) -> 99
A55: d | B55: =DEC2HEX(CODE(A55)) -> 64 | C55: =HEX2DEC(B55) -> 100
A56: e | B56: =DEC2HEX(CODE(A56)) -> 65 | C56: =HEX2DEC(B56) -> 101
A57: f | B57: =DEC2HEX(CODE(A57)) -> 66 | C57: =HEX2DEC(B57) -> 102
A58: g | B58: =DEC2HEX(CODE(A58)) -> 67 | C58: =HEX2DEC(B58) -> 103
A59: h | B59: =DEC2HEX(CODE(A59)) -> 68 | C59: =HEX2DEC(B59) -> 104
A60: i | B60: =DEC2HEX(CODE(A60)) -> 69 | C60: =HEX2DEC(B60) -> 105
A61: j | B61: =DEC2HEX(CODE(A61)) -> 6A | C61: =HEX2DEC(B61) -> 106
A62: k | B62: =DEC2HEX(CODE(A62)) -> 6B | C62: =HEX2DEC(B62) -> 107
A63: l | B63: =DEC2HEX(CODE(A63)) -> 6C | C63: =HEX2DEC(B63) -> 108
... A77: z | B77: =DEC2HEX(CODE(A77)) -> 7A | C77: =HEX2DEC(B77) -> 122

Sheet Param ID
M23: 42

Sheet SPE Cycles
B1: ATEQ Premier F (520F, F5) Pressure Decay | C1: ATEQ Premier MF (520MF, MF5) Diff Mass Flow
B2: Validated = Green | C2: Validated = Green
A3: 1.2. SPECIAL CYCLE BIT TABLE
A4: ATR learning. | B4: 1 | C4: 1
A5: Check calibration. | B5: 2
A6: Auto – test. | B6: 3
A7: Calibration. | B7: 4 | C7: 4
A8: Verification calibration. | B8: 5 | C8: 5
A9: ATR + calibration. | B9: 6 | C9: 6
A10: Auto zero piezo | B10: 7 | C10: 7
A11: Auto zero piezo | B11: 8 | C11: 8
A12: Auxiliary regulator. | B12: 9 | C12: 9
A13: Regulator Adjust | B13: 10 | C13: 10
A14: Infinite fill. | B14: 11 | C14: 11
A15: Volume calculation. | B15: 12 | C15: 12
A16: No special cycle. | B16: 13 | C16: 13
A17: Sealed PASS Part Learn | B17: 16 | C17: 16
A18: Sealed FAIL Part Learn | B18: 17 | C18: 17
A19: 24 Save parameters in flash | B19: 24 | C19: 24

Sheet Units Codes

Sheet Alarm Codes
A1: Alarm Codes

Sheet Steps Table

Sheet Write Parameters
F1: =MOD(HEX2DEC(CONCATENATE(F7,G7,H7,I7))+2^31,2^32)-2^31 -> -402456576
F2: =MID(DEC2HEX(F8,8),1,2) -> 00 | G2: =MID(DEC2HEX(F8,8),3,2) -> 00 | H2: =MID(DEC2HEX(F8,8),5,2) -> 03 | I2: =RIGHT(DEC2HEX(F8,8),2) -> E8
A3: PLC word Address Dec | D3: =DEC2HEX(D8,4) -> 0015 | F3: =DEC2HEX(F8,8) -> 000003E8 | J3: =DEC2HEX(J8,4) -> 0001 | L3: =DEC2HEX(L8,8) -> 00001194 | P3: =DEC2HEX(P8,4) -> 0002 | R3: =DEC2HEX(R8,8) -> 00000DAC | V3: =DEC2HEX(V8,4) -> 0003 | X3: =DEC2HEX(X8,8) -> 0000028A | AB3: =DEC2HEX(AB8,4) -> 0014 | AD3: =DEC2HEX(AD8,8) -> 000BFA68 | AH3: =DEC2HEX(AH8,4) -> 0032 | AJ3: =DEC2HEX(AJ8,8) -> 00014C08 | AN3: =DEC2HEX(AN8,4) -> 0033 | AP3: =DEC2HEX(AP8,8) -> 0001E848 | AT3: =DEC2HEX(AT8,4) -> 0035 | AV3: =DEC2HEX(AV8,8) -> 00002EE0 | AZ3: =DEC2HEX(AZ8,4) -> 003C | BB3: =DEC2HEX(BB8,8) -> 000006D6 | BF3: =DEC2HEX(BF8,4) -> 003E | BH3: =DEC2HEX(BH8,8) -> 000000AF | BL3: =DEC2HEX(BL8,4) -> 007F | BN3: =DEC2HEX(BN8,8) -> 000003E8 | BR3: =DEC2HEX(BR8,4) -> 00A1 | BT3: =DEC2HEX(BT8,8) -> 0000DAC0 | BX3: =DEC2HEX(BX8,4) -> 0042 | BZ3: =DEC2HEX(BZ8,8) -> 000186A0
A4: PLC word Address Dec | B4: ='Read Parameters'!AG65 -> 2152 | D4: =B4+1 -> 2153 | F4: =D4+1 -> 2154 | H4: =F4+1 -> 2155 | J4: =H4+1 -> 2156 | L4: =J4+1 -> 2157 | N4: =L4+1 -> 2158 | P4: =N4+1 -> 2159 | R4: =P4+1 -> 2160 | T4: =R4+1 -> 2161 | V4: =T4+1 -> 2162 | X4: =V4+1 -> 2163 | Z4: =X4+1 -> 2164 | AB4: =Z4+1 -> 2165 | AD4: =AB4+1 -> 2166 | AF4: =AD4+1 -> 2167 | AH4: =AF4+1 -> 2168 | AJ4: =AH4+1 -> 2169 | AL4: =AJ4+1 -> 2170 | AN4: =AL4+1 -> 2171 | AP4: =AN4+1 -> 2172 | AR4: =AP4+1 -> 2173 | AT4: =AR4+1 -> 2174 | AV4: =AT4+1 -> 2175 | AX4: =AV4+1 -> 2176 | AZ4: =AX4+1 -> 2177 | BB4: =AZ4+1 -> 2178 | BD4: =BB4+1 -> 2179 | BF4: =BD4+1 -> 2180 | BH4: =BF4+1 -> 2181 | BJ4: =BH4+1 -> 2182 | BL4: =BJ4+1 -> 2183 | BN4: =BL4+1 -> 2184 | BP4: =BN4+1 -> 2185 | BR4: =BP4+1 -> 2186 | BT4: =BR4+1 -> 2187 | BV4: =BT4+1 -> 2188 | BX4: =BV4+1 -> 2189 | BZ4: =BX4+1 -> 2190 | CB4: =BZ4+1 -> 2191
A5: ATEQ Word Address Hex | B5: 20 | D5: =DEC2HEX((HEX2DEC(B5)+1),2) -> 21 | F5: =DEC2HEX((HEX2DEC(D5)+1),2) -> 22 | H5: =DEC2HEX((HEX2DEC(F5)+1),2) -> 23 | J5: =DEC2HEX((HEX2DEC(H5)+1),2) -> 24 | L5: =DEC2HEX((HEX2DEC(J5)+1),2) -> 25 | N5: =DEC2HEX((HEX2DEC(L5)+1),2) -> 26 | P5: =DEC2HEX((HEX2DEC(N5)+1),2) -> 27 | R5: =DEC2HEX((HEX2DEC(P5)+1),2) -> 28 | T5: =DEC2HEX((HEX2DEC(R5)+1),2) -> 29 | V5: =DEC2HEX((HEX2DEC(T5)+1),2) -> 2A | X5: =DEC2HEX((HEX2DEC(V5)+1),2) -> 2B | Z5: =DEC2HEX((HEX2DEC(X5)+1),2) -> 2C | AB5: =DEC2HEX((HEX2DEC(Z5)+1),2) -> 2D | AD5: =DEC2HEX((HEX2DEC(AB5)+1),2) -> 2E | AF5: =DEC2HEX((HEX2DEC(AD5)+1),2) -> 2F | AH5: =DEC2HEX((HEX2DEC(AF5)+1),2) -> 30 | AJ5: =DEC2HEX((HEX2DEC(AH5)+1),2) -> 31 | AL5: =DEC2HEX((HEX2DEC(AJ5)+1),2) -> 32 | AN5: =DEC2HEX((HEX2DEC(AL5)+1),2) -> 33 | AP5: =DEC2HEX((HEX2DEC(AN5)+1),2) -> 34 | AR5: =DEC2HEX((HEX2DEC(AP5)+1),2) -> 35 | AT5: =DEC2HEX((HEX2DEC(AR5)+1),2) -> 36 | AV5: =DEC2HEX((HEX2DEC(AT5)+1),2) -> 37 | AX5: =DEC2HEX((HEX2DEC(AV5)+1),2) -> 38 | AZ5: =DEC2HEX((HEX2DEC(AX5)+1),2) -> 39 | BB5: =DEC2HEX((HEX2DEC(AZ5)+1),2) -> 3A | BD5: =DEC2HEX((HEX2DEC(BB5)+1),2) -> 3B | BF5: =DEC2HEX((HEX2DEC(BD5)+1),2) -> 3C | BH5: =DEC2HEX((HEX2DEC(BF5)+1),2) -> 3D | BJ5: =DEC2HEX((HEX2DEC(BH5)+1),2) -> 3E | BL5: =DEC2HEX((HEX2DEC(BJ5)+1),2) -> 3F | BN5: =DEC2HEX((HEX2DEC(BL5)+1),2) -> 40 | BP5: =DEC2HEX((HEX2DEC(BN5)+1),2) -> 41 | BR5: =DEC2HEX((HEX2DEC(BP5)+1),2) -> 42 | BT5: =DEC2HEX((HEX2DEC(BR5)+1),2) -> 43 | BV5: =DEC2HEX((HEX2DEC(BT5)+1),2) -> 44 | BX5: =DEC2HEX((HEX2DEC(BV5)+1),2) -> 45 | BZ5: =DEC2HEX((HEX2DEC(BX5)+1),2) -> 46 | CB5: =DEC2HEX((HEX2DEC(BZ5)+1),2) -> 47
A6: Sycon Byte | B6: 20 | C6: =DEC2HEX((HEX2DEC(B6)+1),2) -> 21 | D6: =DEC2HEX((HEX2DEC(C6)+1),2) -> 22 | E6: =DEC2HEX((HEX2DEC(D6)+1),2) -> 23 | F6: =DEC2HEX((HEX2DEC(E6)+1),2) -> 24 | G6: =DEC2HEX((HEX2DEC(F6)+1),2) -> 25 | H6: =DEC2HEX((HEX2DEC(G6)+1),2) -> 26 | I6: =DEC2HEX((HEX2DEC(H6)+1),2) -> 27 | J6: =DEC2HEX((HEX2DEC(I6)+1),2) -> 28 | ... CC6: =DEC2HEX((HEX2DEC(CB6)+1),2) -> 6F
B7: =RIGHT(DEC2HEX(B8,4),2) -> 0D | C7: =LEFT(DEC2HEX(B8,4),2) -> 00 | D7: =RIGHT(DEC2HEX(D8,4),2) -> 15 | E7: =LEFT(DEC2HEX(D8,4),2) -> 00 | F7: =RIGHT(DEC2HEX(F8,8),2) -> E8 | G7: =MID(DEC2HEX(F8,8),5,2) -> 03 | H7: =MID(DEC2HEX(F8,8),3,2) -> 00 | I7: =MID(DEC2HEX(F8,8),1,2) -> 00 | J7: =RIGHT(DEC2HEX(J8,4),2) -> 01 | K7: =LEFT(DEC2HEX(J8,4),2) -> 00 | L7: =RIGHT(DEC2HEX(L8,8),2) -> 94 | M7: =MID(DEC2HEX(L8,8),5,2) -> 11 | N7: =MID(DEC2HEX(L8,8),3,2) -> 00 | O7: =MID(DEC2HEX(L8,8),1,2) -> 00 | P7: =RIGHT(DEC2HEX(P8,4),2) -> 02 | Q7: =LEFT(DEC2HEX(P8,4),2) -> 00 | R7: =RIGHT(DEC2HEX(R8,8),2) -> AC | S7: =MID(DEC2HEX(R8,8),5,2) -> 0D | T7: =MID(DEC2HEX(R8,8),3,2) -> 00 | U7: =MID(DEC2HEX(R8,8),1,2) -> 00 | V7: =RIGHT(DEC2HEX(V8,4),2) -> 03 | W7: =LEFT(DEC2HEX(V8,4),2) -> 00 | X7: =RIGHT(DEC2HEX(X8,8),2) -> 8A | Y7: =MID(DEC2HEX(X8,8),5,2) -> 02 | Z7: =MID(DEC2HEX(X8,8),3,2) -> 00 | AA7: =MID(DEC2HEX(X8,8),1,2) -> 00 | AB7: =RIGHT(DEC2HEX(AB8,4),2) -> 14 | AC7: =LEFT(DEC2HEX(AB8,4),2) -> 00 | AD7: =RIGHT(DEC2HEX(AD8,8),2) -> 68 | AE7: =MID(DEC2HEX(AD8,8),5,2) -> FA | AF7: =MID(DEC2HEX(AD8,8),3,2) -> 0B | AG7: =MID(DEC2HEX(AD8,8),1,2) -> 00 | AH7: =RIGHT(DEC2HEX(AH8,4),2) -> 32 | AI7: =LEFT(DEC2HEX(AH8,4),2) -> 00 | AJ7: =RIGHT(DEC2HEX(AJ8,8),2) -> 08 | AK7: =MID(DEC2HEX(AJ8,8),5,2) -> 4C | AL7: =MID(DEC2HEX(AJ8,8),3,2) -> 01 | AM7: =MID(DEC2HEX(AJ8,8),1,2) -> 00 | AN7: =RIGHT(DEC2HEX(AN8,4),2) -> 33 | AO7: =LEFT(DEC2HEX(AN8,4),2) -> 00 | AP7: =RIGHT(DEC2HEX(AP8,8),2) -> 48 | AQ7: =MID(DEC2HEX(AP8,8),5,2) -> E8 | AR7: =MID(DEC2HEX(AP8,8),3,2) -> 01 | AS7: =MID(DEC2HEX(AP8,8),1,2) -> 00 | AT7: =RIGHT(DEC2HEX(AT8,4),2) -> 35 | AU7: =LEFT(DEC2HEX(AT8,4),2) -> 00 | AV7: =RIGHT(DEC2HEX(AV8,8),2) -> E0 | AW7: =MID(DEC2HEX(AV8,8),5,2) -> 2E | AX7: =MID(DEC2HEX(AV8,8),3,2) -> 00 | AY7: =MID(DEC2HEX(AV8,8),1,2) -> 00 | AZ7: =RIGHT(DEC2HEX(AZ8,4),2) -> 3C | BA7: =LEFT(DEC2HEX(AZ8,4),2) -> 00 | BB7: =RIGHT(DEC2HEX(BB8,8),2) -> D6 | BC7: =MID(DEC2HEX(BB8,8),5,2) -> 06 | BD7: =MID(DEC2HEX(BB8,8),3,2) -> 00 | BE7: =MID(DEC2HEX(BB8,8),1,2) -> 00 | BF7: =RIGHT(DEC2HEX(BF8,4),2) -> 3E | BG7: =LEFT(DEC2HEX(BF8,4),2) -> 00 | BH7: =RIGHT(DEC2HEX(BH8,8),2) -> AF | BI7: =MID(DEC2HEX(BH8,8),5,2) -> 00 | BJ7: =MID(DEC2HEX(BH8,8),3,2) -> 00 | BK7: =MID(DEC2HEX(BH8,8),1,2) -> 00 | BL7: =RIGHT(DEC2HEX(BL8,4),2) -> 7F | BM7: =LEFT(DEC2HEX(BL8,4),2) -> 00 | BN7: =RIGHT(DEC2HEX(BN8,8),2) -> E8 | BO7: =MID(DEC2HEX(BN8,8),5,2) -> 03 | BP7: =MID(DEC2HEX(BN8,8),3,2) -> 00 | BQ7: =MID(DEC2HEX(BN8,8),1,2) -> 00 | BR7: =RIGHT(DEC2HEX(BR8,4),2) -> A1 | BS7: =LEFT(DEC2HEX(BR8,4),2) -> 00 | BT7: =RIGHT(DEC2HEX(BT8,8),2) -> C0 | BU7: =MID(DEC2HEX(BT8,8),5,2) -> DA | BV7: =MID(DEC2HEX(BT8,8),3,2) -> 00 | BW7: =MID(DEC2HEX(BT8,8),1,2) -> 00 | BX7: =RIGHT(DEC2HEX(BX8,4),2) -> 42 | BY7: =LEFT(DEC2HEX(BX8,4),2) -> 00 | BZ7: =RIGHT(DEC2HEX(BZ8,8),2) -> A0 | CA7: =MID(DEC2HEX(BZ8,8),5,2) -> 86 | CB7: =MID(DEC2HEX(BZ8,8),3,2) -> 01 | CC7: =MID(DEC2HEX(BZ8,8),1,2) -> 00
B8: 13 | D8: =D9 -> 21 | F8: =F9 -> 1000 | J8: =J9 -> 1 | L8: =L9*1000 -> 4500 | P8: =P9 -> 2 | R8: =R9*1000 -> 3500 | V8: =V9 -> 3 | X8: =X9*1000 -> 650 | AB8: =AB9 -> 20 | AD8: =AD9*1000 -> 785000 | AH8: =AH9 -> 50 | AJ8: =AJ9*1000 -> 85000 | AN8: =AN9 -> 51 | AP8: =AP9*1000 -> 125000 | AT8: =AT9 -> 53 | AV8: =AV9*1000 -> 12000 | AZ8: =AZ9 -> 60 | BB8: =BB9*1000 -> 1750 | BF8: =BF9 -> 62 | BH8: =BH9*1000 -> 175 | BL8: =BL9 -> 127 | BN8: =BN9*1000 -> 1000 | BR8: =BR9 -> 161 | BT8: =BT9*1000 -> 56000 | BX8: =BX9 -> 66 | BZ8: =BZ9*1000 -> 100000
D9: 21 | F9: 1000 | J9: 1 | L9: 4.5 | P9: 2 | R9: 3.5 | V9: 3 | X9: 0.65 | AB9: 20 | AD9: 785 | AH9: 50 | AJ9: 85 | AN9: 51 | AP9: 125 | AT9: 53 | AV9: 12 | AZ9: 60 | BB9: 1.75 | BF9: 62 | BH9: 0.175 | BL9: 127 | BN9: 1 | BR9: 161 | BT9: 56 | BX9: 66 | BZ9: 100
D10: ID | F10: Value | J10: ID | L10: Value | P10: ID | R10: Value | V10: ID | X10: Value | AB10: ID | AD10: Value | AH10: ID | AJ10: Value | AN10: ID | AP10: Value | AT10: ID | AV10: Value | AZ10: ID | BB10: Value | BF10: ID | BH10: Value | BL10: ID | BN10: Value | BR10: ID | BT10: Value | BX10: ID | BZ10: Value
D11: Test Type | F11: Leak | J11: Fill time | P11: Stab Time | V11: Test Time | AB11: Volume | AH11: Min Pressure | AN11: Max Pressure | AT11: Pressure Unit (kPa) | AZ11: Test Fail | BF11: REF. Fail | BL11: Reject Unit cm/min | BR11: Volume Unit cm3 | BX11: Set Fill (Fill Instruction Value)
A12: dec data | D12: 1 | J12: =D12+1 -> 2 | P12: =J12+1 -> 3 | V12: =P12+1 -> 4 | AB12: =V12+1 -> 5 | AH12: =AB12+1 -> 6 | AN12: =AH12+1 -> 7 | AT12: =AN12+1 -> 8 | AZ12: =AT12+1 -> 9 | BF12: =AZ12+1 -> 10 | BL12: =BF12+1 -> 11 | BR12: =BL12+1 -> 12 | BX12: =BR12+1 -> 13
B16: =DEC2HEX(BR12,2) -> 0C
